MANHATTAN,40.701,-74.014,2010,8,74.345454545454558,,0
MANHATTAN,40.701,-74.014,2010,11,48.553333333333327,,0
MANHATTAN,40.701,-74.014,2010,9,70.562068965517227,,0
MANHATTAN,40.701,-74.014,2010,12,33.567741935483859,,0
MANHATTAN,40.701,-74.014,2010,10,59.2774193548387,,0
QUEENS,40.639,-73.762,2010,4,54.75,9.5033333333333321,11
QUEENS,40.639,-73.762,2010,5,63.054838709677419,8.9806451612903224,10
QUEENS,40.639,-73.762,2010,1,31.996774193548394,11.483870967741936,7
QUEENS,40.639,-73.762,2010,11,47.66333333333332,10.203333333333335,10
QUEENS,40.639,-73.762,2010,10,58.5032258064516,10.445161290322581,12
QUEENS,40.639,-73.762,2010,9,70.36999999999999,9.69,10
QUEENS,40.639,-73.762,2010,8,76.0064516129032,8.1483870967741936,8
QUEENS,40.639,-73.762,2010,7,79.945161290322574,8.7096774193548416,8
QUEENS,40.639,-73.762,2010,12,33.141935483870967,13.077419354838709,3
QUEENS,40.639,-73.762,2010,6,73.940000000000026,8.8566666666666656,10
QUEENS,40.639,-73.762,2010,3,46.422580645161275,11.909677419354839,12
QUEENS,40.639,-73.762,2010,2,32.867857142857133,12.360714285714288,7
QUEENS,40.779,-73.88,2010,5,65.600000000000009,8.554838709677421,10
QUEENS,40.779,-73.88,2010,7,82.2967741935484,7.6000000000000005,11
QUEENS,40.779,-73.88,2010,9,72.163333333333313,9.0366666666666671,10
QUEENS,40.779,-73.88,2010,4,57.203333333333326,8.49,8
QUEENS,40.779,-73.88,2010,10,60.21290322580645,9.6193548387096772,14
QUEENS,40.779,-73.88,2010,3,47.348387096774211,10.893548387096775,15
QUEENS,40.779,-73.88,2010,1,32.661290322580655,11.125806451612902,7
QUEENS,40.779,-73.88,2010,12,35.0483870967742,12.080645161290322,3
QUEENS,40.779,-73.88,2010,6,75.773333333333326,8.2666666666666657,13
QUEENS,40.779,-73.88,2010,8,78.016129032258078,7.6967741935483875,13
QUEENS,40.779,-73.88,2010,2,33.482142857142854,11.728571428571426,4
QUEENS,40.779,-73.88,2010,11,49.166666666666657,9.4766666666666666,10
MANHATTAN,40.779,-73.969,2010,10,58.20967741935484,5.5516129032258075,13
MANHATTAN,40.779,-73.969,2010,9,66.926666666666677,6.7700000000000005,17
MANHATTAN,40.779,-73.969,2010,6,74.109999999999985,4.3166666666666664,11
MANHATTAN,40.779,-73.969,2010,5,64.82580645161292,4.9258064516129032,9
MANHATTAN,40.779,-73.969,2010,3,47.71612903225806,6.9516129032258061,12
MANHATTAN,40.779,-73.969,2010,2,32.885714285714279,6.8428571428571416,3
MANHATTAN,40.779,-73.969,2010,8,70.49032258064517,7.9322580645161294,22
MANHATTAN,40.779,-73.969,2010,11,47.663333333333327,5.4366666666666665,11
MANHATTAN,40.779,-73.969,2010,12,32.825806451612905,7.209677419354839,8
MANHATTAN,40.779,-73.969,2010,4,57.143333333333324,5.5433333333333339,6
MANHATTAN,40.779,-73.969,2010,7,80.4548387096774,4.1161290322580655,12
MANHATTAN,40.779,-73.969,2010,1,32.238709677419351,6.1838709677419361,6
STATEN ISLAND,40.639,-74.146,2010,6,74.923333333333346,5.87,0
STATEN ISLAND,40.639,-74.146,2010,8,76.3838709677419,5.112903225806452,0
STATEN ISLAND,40.639,-74.146,2010,12,33.090322580645157,9.812903225806453,0
STATEN ISLAND,40.639,-74.146,2010,5,64.867741935483863,5.838709677419355,0
STATEN ISLAND,40.639,-74.146,2010,1,32.358064516129033,8.0774193548387085,0
STATEN ISLAND,40.639,-74.146,2010,10,58.461290322580645,6.8741935483870975,0
STATEN ISLAND,40.639,-74.146,2010,2,33.05,8.3857142857142861,0
STATEN ISLAND,40.639,-74.146,2010,3,47.503225806451617,8.3193548387096783,0
STATEN ISLAND,40.639,-74.146,2010,4,56.623333333333335,6.1366666666666685,0
STATEN ISLAND,40.639,-74.146,2010,11,47.583333333333329,7.3966666666666665,0
STATEN ISLAND,40.639,-74.146,2010,9,70.3,6.248275862068966,0
STATEN ISLAND,40.639,-74.146,2010,7,80.3032258064516,5.3999999999999995,0
QUEENS,40.8,-73.77,2010,5,62.4258064516129,6.3193548387096765,0
QUEENS,40.8,-73.77,2010,8,75.335483870967749,,0
QUEENS,40.8,-73.77,2010,12,33.680645161290329,10.80967741935484,0
QUEENS,40.8,-73.77,2010,11,47.943333333333335,8.0266666666666655,0
QUEENS,40.8,-73.77,2010,3,45.738709677419344,7.7461538461538453,0
QUEENS,40.8,-73.77,2010,6,71.936666666666667,6.206666666666667,0
QUEENS,40.8,-73.77,2010,10,59.116129032258058,8.4,0
QUEENS,40.8,-73.77,2010,1,32.312903225806444,10.4,0
QUEENS,40.8,-73.77,2010,2,33.01785714285716,9.3500000000000014,0
QUEENS,40.8,-73.77,2010,4,54.413333333333327,6.4899999999999993,0
QUEENS,40.8,-73.77,2010,9,69.948275862068968,7.5319999999999991,0
QUEENS,40.8,-73.77,2010,7,78.696774193548379,7.25,0
MANHATTAN,40.767,-73.983,2010,8,77.435294117647061,4.5,5
MANHATTAN,40.701,-74.014,2011,5,62.996774193548369,,0
MANHATTAN,40.701,-74.014,2011,10,58.738709677419351,,0
MANHATTAN,40.701,-74.014,2011,11,52.476666666666659,,0
MANHATTAN,40.701,-74.014,2011,1,30.487096774193553,,0
MANHATTAN,40.701,-74.014,2011,12,44.045161290322575,,0
MANHATTAN,40.701,-74.014,2011,3,41.8,,0
MANHATTAN,40.701,-74.014,2011,7,78.774193548387089,,0
MANHATTAN,40.701,-74.014,2011,2,35.56428571428571,,0
MANHATTAN,40.701,-74.014,2011,6,71.90666666666668,,0
MANHATTAN,40.701,-74.014,2011,4,52.603333333333332,,0
MANHATTAN,40.701,-74.014,2011,8,75.493548387096766,,0
MANHATTAN,40.701,-74.014,2011,9,70.073333333333352,,0
QUEENS,40.639,-73.762,2011,11,50.843333333333341,8.9233333333333338,9
QUEENS,40.639,-73.762,2011,12,43.174193548387095,9.3032258064516142,12
QUEENS,40.639,-73.762,2011,10,58.083870967741937,9.45483870967742,13
QUEENS,40.639,-73.762,2011,3,41.619354838709668,12.035483870967742,10
QUEENS,40.639,-73.762,2011,2,34.914285714285725,11.742857142857147,9
QUEENS,40.639,-73.762,2011,4,51.346666666666664,11.02333333333333,18
QUEENS,40.639,-73.762,2011,8,75.17096774193547,8.6354838709677413,18
QUEENS,40.639,-73.762,2011,7,79.248387096774181,8.0387096774193569,14
QUEENS,40.639,-73.762,2011,5,62.048387096774192,8.5258064516129028,11
QUEENS,40.639,-73.762,2011,9,69.083333333333329,7.6266666666666687,13
QUEENS,40.639,-73.762,2011,6,71.463333333333324,7.9033333333333342,13
QUEENS,40.639,-73.762,2011,1,29.616129032258069,9.5,5
QUEENS,40.779,-73.88,2011,2,35.917857142857137,10.653571428571428,7
QUEENS,40.779,-73.88,2011,7,79.980645161290312,7.2258064516129039,11
QUEENS,40.779,-73.88,2011,1,32.090322580645157,9.2129032258064534,6
QUEENS,40.779,-73.88,2011,3,41.41612903225807,11.187096774193549,10
QUEENS,40.779,-73.88,2011,12,43.49354838709678,8.5741935483870968,10
QUEENS,40.779,-73.88,2011,10,58.29999999999999,8.9709677419354836,14
QUEENS,40.779,-73.88,2011,8,75.441935483870978,8.06451612903226,17
QUEENS,40.779,-73.88,2011,6,72.14,7.6033333333333335,14
QUEENS,40.779,-73.88,2011,11,51.946666666666665,7.8000000000000007,9
QUEENS,40.779,-73.88,2011,4,51.806666666666672,9.6533333333333324,17
QUEENS,40.779,-73.88,2011,9,70.046666666666653,7.4933333333333332,13
QUEENS,40.779,-73.88,2011,5,62.5,7.974193548387098,12
MANHATTAN,40.779,-73.969,2011,5,63.387096774193559,4.7806451612903231,11
MANHATTAN,40.779,-73.969,2011,2,35.649999999999984,6.632142857142858,7
MANHATTAN,40.779,-73.969,2011,6,71.63666666666667,3.9133333333333336,11
MANHATTAN,40.779,-73.969,2011,11,51.993333333333325,4.876666666666666,9
MANHATTAN,40.779,-73.969,2011,4,53.316666666666663,6.330000000000001,15
MANHATTAN,40.779,-73.969,2011,9,69.323333333333323,3.79,11
MANHATTAN,40.779,-73.969,2011,7,79.561290322580646,3.7193548387096778,10
MANHATTAN,40.779,-73.969,2011,8,74.4483870967742,3.9709677419354836,17
MANHATTAN,40.779,-73.969,2011,1,29.867741935483874,5.6290322580645151,4
MANHATTAN,40.779,-73.969,2011,10,57.025806451612908,4.6161290322580637,9
MANHATTAN,40.779,-73.969,2011,12,43.670967741935485,5.1903225806451605,10
MANHATTAN,40.779,-73.969,2011,3,41.812903225806458,6.6419354838709674,9
STATEN ISLAND,40.639,-74.146,2011,8,75.093548387096774,4.9516129032258087,0
STATEN ISLAND,40.639,-74.146,2011,7,79.3774193548387,4.9193548387096779,0
STATEN ISLAND,40.639,-74.146,2011,6,72.429999999999993,5.206666666666667,0
STATEN ISLAND,40.639,-74.146,2011,1,29.664516129032261,6.2935483870967746,0
STATEN ISLAND,40.639,-74.146,2011,10,57.748387096774181,6.041935483870966,0
STATEN ISLAND,40.639,-74.146,2011,3,41.977419354838709,8.26774193548387,0
STATEN ISLAND,40.639,-74.146,2011,4,53.38666666666667,6.99,0
STATEN ISLAND,40.639,-74.146,2011,12,43.361290322580651,6.16774193548387,0
STATEN ISLAND,40.639,-74.146,2011,2,35.300000000000004,7.5750000000000011,0
STATEN ISLAND,40.639,-74.146,2011,5,63.132258064516122,5.2548387096774185,0
STATEN ISLAND,40.639,-74.146,2011,11,51.36,5.23,0
STATEN ISLAND,40.639,-74.146,2011,9,69.906666666666652,4.7099999999999991,0
QUEENS,40.8,-73.77,2011,4,50.653333333333329,7.75,0
QUEENS,40.8,-73.77,2011,11,52.163333333333327,6.9266666666666685,0
QUEENS,40.8,-73.77,2011,7,77.551612903225816,5.1645161290322577,0
QUEENS,40.8,-73.77,2011,2,34.353571428571421,8.8464285714285715,0
QUEENS,40.8,-73.77,2011,10,58.696774193548372,6.9645161290322593,0
QUEENS,40.8,-73.77,2011,1,29.951612903225804,7.0258064516129037,0
QUEENS,40.8,-73.77,2011,8,74.387096774193537,5.8258064516129036,0
QUEENS,40.8,-73.77,2011,12,43.854838709677416,7.9516129032258043,0
QUEENS,40.8,-73.77,2011,6,70.403333333333322,5.0766666666666662,0
QUEENS,40.8,-73.77,2011,3,41.0516129032258,8.3800000000000043,0
QUEENS,40.8,-73.77,2011,9,69.55,5.2366666666666672,0
QUEENS,40.8,-73.77,2011,5,61.309677419354841,5.4483870967741934,0
MANHATTAN,40.701,-74.014,2012,10,60.099999999999994,,0
MANHATTAN,40.701,-74.014,2012,1,37.561290322580646,,0
MANHATTAN,40.701,-74.014,2012,5,64.754838709677415,,0
MANHATTAN,40.701,-74.014,2012,2,40.862068965517238,,0
MANHATTAN,40.701,-74.014,2012,3,49.258064516129025,,0
MANHATTAN,40.701,-74.014,2012,7,78.329032258064515,,0
MANHATTAN,40.701,-74.014,2012,8,76.680645161290315,,0
MANHATTAN,40.701,-74.014,2012,4,54.3857142857143,,0
MANHATTAN,40.701,-74.014,2012,9,69.58,,0
MANHATTAN,40.701,-74.014,2012,6,71.02,,0
MANHATTAN,40.701,-74.014,2012,12,42.348387096774189,,0
MANHATTAN,40.701,-74.014,2012,11,43.626666666666672,,0
QUEENS,40.639,-73.762,2012,10,59.206451612903237,9.4999999999999982,16
QUEENS,40.639,-73.762,2012,2,40.479310344827574,10.413793103448276,9
QUEENS,40.639,-73.762,2012,1,37.387096774193544,11.612903225806452,9
QUEENS,40.639,-73.762,2012,7,77.916129032258084,7.9677419354838719,12
QUEENS,40.639,-73.762,2012,4,53.910000000000004,10.91,17
QUEENS,40.639,-73.762,2012,6,70.546666666666681,8.7199999999999989,13
QUEENS,40.639,-73.762,2012,5,63.254838709677415,7.6,20
QUEENS,40.639,-73.762,2012,9,69.046666666666667,8.9033333333333342,13
QUEENS,40.639,-73.762,2012,8,76.441935483870964,7.5709677419354851,10
QUEENS,40.639,-73.762,2012,11,43.526666666666664,9.6266666666666669,6
QUEENS,40.639,-73.762,2012,12,41.82580645161292,10.180645161290322,15
QUEENS,40.639,-73.762,2012,3,48.06774193548388,9.99354838709677,10
QUEENS,40.779,-73.88,2012,10,60.119354838709683,9.2806451612903231,17
QUEENS,40.779,-73.88,2012,6,72.1933333333333,7.9733333333333345,13
QUEENS,40.779,-73.88,2012,8,78.096774193548384,6.8645161290322587,11
QUEENS,40.779,-73.88,2012,7,79.787096774193557,7.7612903225806456,14
QUEENS,40.779,-73.88,2012,2,41.348275862068967,9.7379310344827577,12
QUEENS,40.779,-73.88,2012,9,70.303333333333342,8.120000000000001,11
QUEENS,40.779,-73.88,2012,12,42.412903225806446,10.138709677419353,17
QUEENS,40.779,-73.88,2012,1,37.106451612903228,10.570967741935483,9
QUEENS,40.779,-73.88,2012,11,44.853333333333346,9.2833333333333332,6
QUEENS,40.779,-73.88,2012,4,55.356666666666662,9.9866666666666681,10
QUEENS,40.779,-73.88,2012,3,49.87096774193548,9.2774193548387114,10
QUEENS,40.779,-73.88,2012,5,65.045161290322554,7.5161290322580641,20
MANHATTAN,40.779,-73.969,2012,7,77.977419354838716,3.5516129032258061,15
MANHATTAN,40.779,-73.969,2012,9,68.28,3.5500000000000003,9
MANHATTAN,40.779,-73.969,2012,11,43.43666666666666,5.05,4
MANHATTAN,40.779,-73.969,2012,8,75.916129032258056,2.8645161290322578,9
MANHATTAN,40.779,-73.969,2012,12,41.258064516129032,5.7322580645161292,16
MANHATTAN,40.779,-73.969,2012,10,58.061290322580653,4.3193548387096774,13
MANHATTAN,40.779,-73.969,2012,5,64.364516129032239,3.4967741935483874,18
MANHATTAN,40.779,-73.969,2012,6,70.326666666666668,3.8733333333333331,12
MANHATTAN,40.779,-73.969,2012,1,37.103225806451611,7.119354838709679,10
MANHATTAN,40.779,-73.969,2012,4,54.483333333333334,4.9166666666666687,11
MANHATTAN,40.779,-73.969,2012,3,50.264516129032259,5.0774193548387085,9
MANHATTAN,40.779,-73.969,2012,2,40.648275862068971,5.9482758620689662,11
STATEN ISLAND,40.639,-74.146,2012,6,71.276666666666657,5.36,0
STATEN ISLAND,40.639,-74.146,2012,8,76.683870967741925,4.4612903225806457,0
STATEN ISLAND,40.639,-74.146,2012,11,43.966666666666669,7.413333333333334,0
STATEN ISLAND,40.639,-74.146,2012,10,58.9,5.8870967741935472,0
STATEN ISLAND,40.639,-74.146,2012,5,65.045161290322582,4.5064516129032253,0
STATEN ISLAND,40.639,-74.146,2012,7,79.190322580645159,5.1451612903225792,0
STATEN ISLAND,40.639,-74.146,2012,4,54.68666666666666,8.0966666666666676,0
STATEN ISLAND,40.639,-74.146,2012,9,69.036666666666648,5.3300000000000018,0
STATEN ISLAND,40.639,-74.146,2012,3,50.093548387096774,6.6258064516129034,0
STATEN ISLAND,40.639,-74.146,2012,12,41.690322580645152,7.2032258064516119,0
STATEN ISLAND,40.639,-74.146,2012,1,37.183870967741932,7.5580645161290327,0
STATEN ISLAND,40.639,-74.146,2012,2,40.5551724137931,7.2068965517241379,0
QUEENS,40.8,-73.77,2012,9,69.429999999999993,6.55,0
QUEENS,40.8,-73.77,2012,12,41.632258064516137,7.7870967741935484,0
QUEENS,40.8,-73.77,2012,5,63.148387096774194,5.4064516129032256,0
QUEENS,40.8,-73.77,2012,3,47.890322580645162,7.5,0
QUEENS,40.8,-73.77,2012,4,53.874999999999993,8.3857142857142861,0
QUEENS,40.8,-73.77,2012,10,59.506451612903234,6.8032258064516133,0
QUEENS,40.8,-73.77,2012,7,77.090322580645179,4.8193548387096774,0
QUEENS,40.8,-73.77,2012,2,40.31724137931036,8.2172413793103463,0
QUEENS,40.8,-73.77,2012,1,37.474193548387106,9.6838709677419352,0
QUEENS,40.8,-73.77,2012,6,70.056666666666658,5.046666666666666,0
QUEENS,40.8,-73.77,2012,8,76.154838709677435,5.4096774193548383,0
QUEENS,40.8,-73.77,2012,11,44.336666666666652,8.0733333333333341,0
MANHATTAN,40.701,-74.014,2013,3,39.587096774193547,,0
MANHATTAN,40.701,-74.014,2013,1,35.909677419354843,,0
MANHATTAN,40.701,-74.014,2013,12,38.39032258064514,0.0,0
MANHATTAN,40.701,-74.014,2013,2,34.160714285714292,,0
MANHATTAN,40.701,-74.014,2013,10,60.129032258064527,0.0,0
MANHATTAN,40.701,-74.014,2013,7,78.719354838709677,0.0,0
MANHATTAN,40.701,-74.014,2013,5,61.335483870967749,0.0,0
MANHATTAN,40.701,-74.014,2013,11,45.103448275862071,0.0,0
MANHATTAN,40.701,-74.014,2013,6,71.416666666666671,0.0,0
MANHATTAN,40.701,-74.014,2013,8,73.625806451612888,0.0,0
MANHATTAN,40.701,-74.014,2013,9,67.224137931034477,0.0,0
MANHATTAN,40.701,-74.014,2013,4,51.103333333333325,,0
QUEENS,40.639,-73.762,2013,2,34.021428571428558,11.628571428571425,13
QUEENS,40.639,-73.762,2013,1,35.412903225806453,10.374193548387094,10
QUEENS,40.639,-73.762,2013,9,66.993333333333339,8.4533333333333349,9
QUEENS,40.639,-73.762,2013,5,59.1967741935484,8.9709677419354819,15
QUEENS,40.639,-73.762,2013,8,73.761290322580635,8.38709677419355,13
QUEENS,40.639,-73.762,2013,7,78.687096774193535,8.6516129032258071,16
QUEENS,40.639,-73.762,2013,10,59.641935483870959,8.945161290322579,14
QUEENS,40.639,-73.762,2013,4,50.046666666666674,10.84,13
QUEENS,40.639,-73.762,2013,11,45.416666666666671,11.189999999999998,11
QUEENS,40.639,-73.762,2013,6,69.863333333333358,9.5466666666666669,17
QUEENS,40.639,-73.762,2013,12,38.17741935483869,9.4354838709677438,12
QUEENS,40.639,-73.762,2013,3,39.480645161290319,12.016129032258066,10
QUEENS,40.779,-73.88,2013,12,38.293548387096777,8.7967741935483872,13
QUEENS,40.779,-73.88,2013,11,45.546666666666674,10.49,12
QUEENS,40.779,-73.88,2013,5,62.5,8.1838709677419335,14
QUEENS,40.779,-73.88,2013,10,60.532258064516128,8.8741935483870957,11
QUEENS,40.779,-73.88,2013,7,80.6741935483871,8.1096774193548367,17
QUEENS,40.779,-73.88,2013,6,73.336666666666659,8.62,17
QUEENS,40.779,-73.88,2013,9,67.99,7.6566666666666645,10
QUEENS,40.779,-73.88,2013,1,35.967741935483872,9.85483870967742,11
QUEENS,40.779,-73.88,2013,2,34.214285714285715,10.760714285714288,12
QUEENS,40.779,-73.88,2013,4,51.986666666666665,9.5433333333333312,13
QUEENS,40.779,-73.88,2013,3,39.91935483870968,11.345161290322579,9
QUEENS,40.779,-73.88,2013,8,74.970967741935468,7.2483870967741932,12
MANHATTAN,40.779,-73.969,2013,7,79.245161290322571,3.8612903225806448,13
MANHATTAN,40.779,-73.969,2013,10,59.954838709677418,4.3387096774193559,6
MANHATTAN,40.779,-73.969,2013,11,45.31,5.38,9
MANHATTAN,40.779,-73.969,2013,3,39.474193548387092,6.4322580645161285,6
MANHATTAN,40.779,-73.969,2013,6,71.936666666666667,3.9999999999999996,13
MANHATTAN,40.779,-73.969,2013,4,52.19,5.4866666666666664,10
MANHATTAN,40.779,-73.969,2013,2,33.782142857142858,6.1857142857142859,8
MANHATTAN,40.779,-73.969,2013,9,67.36,3.46,6
MANHATTAN,40.779,-73.969,2013,5,62.064516129032256,3.9935483870967734,9
MANHATTAN,40.779,-73.969,2013,8,73.864516129032282,3.2741935483870974,13
MANHATTAN,40.779,-73.969,2013,12,38.841935483870976,5.096774193548387,9
MANHATTAN,40.779,-73.969,2013,1,35.148387096774194,5.5774193548387094,8
STATEN ISLAND,40.639,-74.146,2013,9,66.7344827586207,5.565517241379311,0
STATEN ISLAND,40.639,-74.146,2013,5,62.019354838709674,5.4096774193548391,0
STATEN ISLAND,40.639,-74.146,2013,8,73.622580645161293,4.5838709677419365,0
STATEN ISLAND,40.639,-74.146,2013,6,72.453333333333333,5.583333333333333,0
STATEN ISLAND,40.639,-74.146,2013,12,38.96521739130435,5.6521739130434794,0
STATEN ISLAND,40.639,-74.146,2013,3,39.532258064516121,8.9161290322580626,0
STATEN ISLAND,40.639,-74.146,2013,11,44.862068965517246,7.813793103448277,0
STATEN ISLAND,40.639,-74.146,2013,7,79.435483870967758,4.9387096774193537,0
STATEN ISLAND,40.639,-74.146,2013,4,51.820000000000014,6.9633333333333329,0
STATEN ISLAND,40.639,-74.146,2013,1,35.732258064516131,6.9870967741935486,0
STATEN ISLAND,40.639,-74.146,2013,2,33.946428571428569,8.0428571428571445,0
STATEN ISLAND,40.639,-74.146,2013,10,59.37096774193548,5.0516129032258075,0
QUEENS,40.8,-73.77,2013,11,45.27241379310346,10.024137931034485,0
QUEENS,40.8,-73.77,2013,12,38.054838709677412,7.8741935483870966,0
QUEENS,40.8,-73.77,2013,3,38.670967741935485,9.2129032258064534,0
QUEENS,40.8,-73.77,2013,8,73.4193548387097,5.8129032258064512,0
QUEENS,40.8,-73.77,2013,5,59.996774193548383,6.2967741935483863,0
QUEENS,40.8,-73.77,2013,9,67.037931034482753,6.5379310344827584,0
QUEENS,40.8,-73.77,2013,1,35.474193548387092,9.064516129032258,0
QUEENS,40.8,-73.77,2013,10,59.91290322580646,6.4322580645161276,0
QUEENS,40.8,-73.77,2013,7,77.609677419354838,5.5322580645161272,0
QUEENS,40.8,-73.77,2013,4,49.830000000000013,7.6433333333333335,0
QUEENS,40.8,-73.77,2013,2,33.589285714285708,8.8678571428571438,0
QUEENS,40.8,-73.77,2013,6,70.276666666666657,6.38,0
MANHATTAN,40.701,-74.014,2014,5,61.948387096774191,0.0,0
MANHATTAN,40.701,-74.014,2014,6,71.116666666666688,0.0,0
MANHATTAN,40.701,-74.014,2014,11,44.83,0.0,0
MANHATTAN,40.701,-74.014,2014,9,69.376666666666665,0.0,0
MANHATTAN,40.701,-74.014,2014,10,59.958064516129028,0.0,0
MANHATTAN,40.701,-74.014,2014,8,73.4064516129032,0.0,0
MANHATTAN,40.701,-74.014,2014,12,40.4483870967742,0.0,0
MANHATTAN,40.701,-74.014,2014,2,31.275000000000006,0.0,0
MANHATTAN,40.701,-74.014,2014,1,28.487096774193549,0.0,0
MANHATTAN,40.701,-74.014,2014,7,74.700000000000031,0.0,0
MANHATTAN,40.701,-74.014,2014,3,36.86774193548387,0.0,0
MANHATTAN,40.701,-74.014,2014,4,50.13333333333334,0.0,0
QUEENS,40.639,-73.762,2014,10,60.129032258064512,10.39032258064516,14
QUEENS,40.639,-73.762,2014,9,69.516666666666652,7.8666666666666671,10
QUEENS,40.639,-73.762,2014,7,74.932258064516134,9.2870967741935484,12
QUEENS,40.639,-73.762,2014,2,31.353571428571428,9.985714285714284,10
QUEENS,40.639,-73.762,2014,3,37.293548387096777,11.419354838709674,14
QUEENS,40.639,-73.762,2014,11,45.04666666666666,10.809999999999997,12
QUEENS,40.639,-73.762,2014,4,49.486666666666679,11.42,13
QUEENS,40.639,-73.762,2014,5,62.122580645161293,9.2580645161290338,18
QUEENS,40.639,-73.762,2014,12,41.400000000000013,10.283870967741937,15
QUEENS,40.639,-73.762,2014,6,71.133333333333326,8.1333333333333329,11
QUEENS,40.639,-73.762,2014,8,73.91935483870968,7.6483870967741945,9
QUEENS,40.639,-73.762,2014,1,29.045161290322582,11.235483870967744,9
QUEENS,40.779,-73.88,2014,10,60.254838709677415,9.5322580645161281,15
QUEENS,40.779,-73.88,2014,6,71.673333333333318,7.85,11
QUEENS,40.779,-73.88,2014,4,50.296666666666667,9.923333333333332,12
QUEENS,40.779,-73.88,2014,2,31.482142857142854,9.4107142857142847,9
QUEENS,40.779,-73.88,2014,8,74.50645161290322,7.32258064516129,9
QUEENS,40.779,-73.88,2014,11,45.159999999999982,9.8166666666666682,11
QUEENS,40.779,-73.88,2014,5,62.990322580645156,8.2935483870967737,17
QUEENS,40.779,-73.88,2014,7,76.3,8.1838709677419352,12
QUEENS,40.779,-73.88,2014,1,28.590322580645154,10.167741935483869,10
QUEENS,40.779,-73.88,2014,3,36.790322580645167,10.36774193548387,10
QUEENS,40.779,-73.88,2014,9,70.153333333333322,7.576666666666668,8
QUEENS,40.779,-73.88,2014,12,40.396774193548382,10.106451612903227,16
MANHATTAN,40.779,-73.969,2014,4,51.553333333333349,5.4533333333333331,11
MANHATTAN,40.779,-73.969,2014,7,75.325806451612891,3.6806451612903222,12
MANHATTAN,40.779,-73.969,2014,10,59.6258064516129,4.3645161290322578,12
MANHATTAN,40.779,-73.969,2014,2,31.646428571428565,5.5178571428571423,6
MANHATTAN,40.779,-73.969,2014,11,45.000000000000007,4.7299999999999995,10
MANHATTAN,40.779,-73.969,2014,6,71.803333333333356,3.4633333333333334,10
MANHATTAN,40.779,-73.969,2014,1,28.677419354838712,5.8500000000000005,5
MANHATTAN,40.779,-73.969,2014,5,63.454838709677425,3.9322580645161289,14
MANHATTAN,40.779,-73.969,2014,3,37.609677419354838,6.1903225806451614,8
MANHATTAN,40.779,-73.969,2014,12,40.4,5.9193548387096762,14
MANHATTAN,40.779,-73.969,2014,8,73.658064516129016,3.2000000000000006,7
MANHATTAN,40.779,-73.969,2014,9,69.526666666666657,3.6366666666666663,7
STATEN ISLAND,40.639,-74.146,2014,3,36.967741935483872,8.3645161290322569,0
STATEN ISLAND,40.639,-74.146,2014,6,69.722222222222229,4.8888888888888893,0
STATEN ISLAND,40.639,-74.146,2014,7,75.53478260869565,5.3130434782608695,0
STATEN ISLAND,40.639,-74.146,2014,11,40.155555555555559,0.0,0
STATEN ISLAND,40.639,-74.146,2014,10,61.38,5.4333333333333327,0
STATEN ISLAND,40.639,-74.146,2014,1,21.587500000000002,6.7875,0
STATEN ISLAND,40.639,-74.146,2014,9,69.146666666666661,5.0366666666666671,0
STATEN ISLAND,40.639,-74.146,2014,8,73.3483870967742,4.870967741935484,0
STATEN ISLAND,40.639,-74.146,2014,4,50.779999999999994,7.3866666666666667,0
STATEN ISLAND,40.639,-74.146,2014,5,62.767741935483869,5.4806451612903215,0
STATEN ISLAND,40.639,-74.146,2014,12,40.28709677419355,0.0,0
STATEN ISLAND,40.639,-74.146,2014,2,30.796428571428574,6.8142857142857158,0
QUEENS,40.8,-73.77,2014,12,40.164516129032272,7.97741935483871,0
QUEENS,40.8,-73.77,2014,5,61.032258064516128,5.8612903225806461,0
QUEENS,40.8,-73.77,2014,4,48.563333333333333,7.4499999999999993,0
QUEENS,40.8,-73.77,2014,11,45.026666666666671,9.1499999999999968,0
QUEENS,40.8,-73.77,2014,9,68.753333333333316,5.0233333333333325,0
QUEENS,40.8,-73.77,2014,1,28.532258064516125,9.564516129032258,0
QUEENS,40.8,-73.77,2014,7,73.787096774193557,6.67741935483871,0
QUEENS,40.8,-73.77,2014,6,69.813333333333333,5.419999999999999,0
QUEENS,40.8,-73.77,2014,10,59.854838709677423,8.0806451612903238,0
QUEENS,40.8,-73.77,2014,3,35.641935483870981,8.3516129032258082,0
QUEENS,40.8,-73.77,2014,2,30.760714285714293,7.2714285714285714,0
QUEENS,40.8,-73.77,2014,8,72.951612903225808,5.0935483870967735,0
MANHATTAN,40.701,-74.014,2015,2,24.12222222222222,0.0,0
MANHATTAN,40.701,-74.014,2015,5,63.99354838709678,0.0,0
MANHATTAN,40.701,-74.014,2015,8,76.83448275862068,0.0,0
MANHATTAN,40.701,-74.014,2015,6,69.676666666666634,0.0,0
MANHATTAN,40.701,-74.014,2015,4,52.096666666666664,0.0,0
MANHATTAN,40.701,-74.014,2015,11,53.072,0.0,0
MANHATTAN,40.701,-74.014,2015,7,76.541935483870986,0.0,0
MANHATTAN,40.701,-74.014,2015,12,50.16,0.0,0
MANHATTAN,40.701,-74.014,2015,10,57.177419354838719,0.0,0
MANHATTAN,40.701,-74.014,2015,9,72.593333333333334,0.0,0
MANHATTAN,40.701,-74.014,2015,3,36.806451612903217,0.0,0
MANHATTAN,40.701,-74.014,2015,1,29.845161290322579,0.0,0
QUEENS,40.639,-73.762,2015,9,72.63666666666667,7.9400000000000013,8
QUEENS,40.639,-73.762,2015,3,37.674193548387095,10.283870967741937,15
QUEENS,40.639,-73.762,2015,6,70.46,8.82333333333333,18
QUEENS,40.639,-73.762,2015,8,78.116129032258058,8.2451612903225779,5
QUEENS,40.639,-73.762,2015,10,57.829032258064515,10.232258064516133,9
QUEENS,40.639,-73.762,2015,5,63.290322580645146,8.54516129032258,9
QUEENS,40.639,-73.762,2015,4,51.876666666666672,10.876666666666665,12
QUEENS,40.639,-73.762,2015,12,50.2516129032258,8.46774193548387,16
QUEENS,40.639,-73.762,2015,1,30.983870967741939,11.851612903225806,8
QUEENS,40.639,-73.762,2015,2,25.017857142857139,11.560714285714285,4
QUEENS,40.639,-73.762,2015,7,77.758064516129053,8.1580645161290359,12
QUEENS,40.639,-73.762,2015,11,52.899999999999991,8.7300000000000022,8
QUEENS,40.779,-73.88,2015,3,37.519354838709667,9.2741935483870979,14
QUEENS,40.779,-73.88,2015,11,53.48,8.2766666666666673,9
QUEENS,40.779,-73.88,2015,8,78.751612903225819,7.532258064516129,5
QUEENS,40.779,-73.88,2015,7,78.600000000000009,7.2258064516129039,12
QUEENS,40.779,-73.88,2015,4,52.576666666666661,9.8533333333333335,12
QUEENS,40.779,-73.88,2015,1,29.909677419354832,10.990322580645159,8
QUEENS,40.779,-73.88,2015,10,58.064516129032263,9.8516129032258046,8
QUEENS,40.779,-73.88,2015,5,65.90000000000002,8.12258064516129,12
QUEENS,40.779,-73.88,2015,2,24.4,10.575,4
QUEENS,40.779,-73.88,2015,12,50.41935483870968,7.5709677419354842,17
QUEENS,40.779,-73.88,2015,9,73.683333333333323,7.7700000000000005,7
QUEENS,40.779,-73.88,2015,6,70.63,8.8400000000000016,19
MANHATTAN,40.779,-73.969,2015,3,37.796774193548387,5.2870967741935484,12
MANHATTAN,40.779,-73.969,2015,2,24.289285714285715,6.2464285714285719,2
MANHATTAN,40.779,-73.969,2015,4,53.530000000000008,5.6633333333333331,10
MANHATTAN,40.779,-73.969,2015,11,52.926666666666662,4.2857142857142847,7
MANHATTAN,40.779,-73.969,2015,10,57.645161290322584,4.6419354838709692,7
MANHATTAN,40.779,-73.969,2015,5,67.270967741935465,3.6516129032258067,7
MANHATTAN,40.779,-73.969,2015,8,78.183870967741939,3.1967741935483871,5
MANHATTAN,40.779,-73.969,2015,1,30.045161290322582,6.33225806451613,8
MANHATTAN,40.779,-73.969,2015,9,73.916666666666671,3.7733333333333339,4
MANHATTAN,40.779,-73.969,2015,7,78.1451612903226,3.0580645161290323,10
MANHATTAN,40.779,-73.969,2015,12,50.716129032258067,4.4741935483870972,14
MANHATTAN,40.779,-73.969,2015,6,70.61999999999999,4.1766666666666667,14
STATEN ISLAND,40.639,-74.146,2015,9,71.145833333333343,0.0,0
STATEN ISLAND,40.639,-74.146,2015,8,77.39655172413795,0.0,0
STATEN ISLAND,40.639,-74.146,2015,2,24.037037037037038,0.0,0
STATEN ISLAND,40.639,-74.146,2015,6,70.43,0.0,0
STATEN ISLAND,40.639,-74.146,2015,5,66.106451612903228,0.0,0
STATEN ISLAND,40.639,-74.146,2015,7,77.451612903225836,0.0,0
STATEN ISLAND,40.639,-74.146,2015,1,29.690322580645159,0.0,0
STATEN ISLAND,40.639,-74.146,2015,4,52.81,0.0,0
STATEN ISLAND,40.639,-74.146,2015,3,37.045161290322589,0.0,0
STATEN ISLAND,40.639,-74.146,2015,12,50.019999999999996,0.0,0
STATEN ISLAND,40.639,-74.146,2015,10,57.000000000000007,0.0,0
STATEN ISLAND,40.639,-74.146,2015,11,51.474999999999994,0.0,0
QUEENS,40.8,-73.77,2015,8,76.279310344827579,5.5793103448275865,0
QUEENS,40.8,-73.77,2015,9,71.810000000000016,5.25,0
QUEENS,40.8,-73.77,2015,11,51.758620689655174,7.13103448275862,0
QUEENS,40.8,-73.77,2015,10,57.167741935483882,7.4451612903225817,0
QUEENS,40.8,-73.77,2015,7,75.806451612903246,5.258064516129032,0
QUEENS,40.8,-73.77,2015,4,50.18,7.2799999999999994,0
QUEENS,40.8,-73.77,2015,6,68.12,5.7699999999999987,0
QUEENS,40.8,-73.77,2015,2,23.670370370370371,8.3111111111111118,0
QUEENS,40.8,-73.77,2015,3,35.464516129032262,7.5354838709677425,0
QUEENS,40.8,-73.77,2015,5,62.196774193548372,6.7161290322580642,0
QUEENS,40.8,-73.77,2015,1,29.796774193548387,9.8419354838709676,0
QUEENS,40.8,-73.77,2015,12,49.19310344827587,7.4103448275862069,0
MANHATTAN,40.701,-74.014,2016,10,59.241935483870968,0.0,0
MANHATTAN,40.701,-74.014,2016,7,77.2709677419355,0.0,0
MANHATTAN,40.701,-74.014,2016,3,47.190322580645173,0.0,0
MANHATTAN,40.701,-74.014,2016,12,38.7516129032258,0.0,0
MANHATTAN,40.701,-74.014,2016,11,49.999999999999993,0.0,0
MANHATTAN,40.701,-74.014,2016,8,78.470967741935468,0.0,0
MANHATTAN,40.701,-74.014,2016,5,60.387096774193537,0.0,0
MANHATTAN,40.701,-74.014,2016,2,37.213793103448268,0.0,0
MANHATTAN,40.701,-74.014,2016,4,51.483333333333341,0.0,0
MANHATTAN,40.701,-74.014,2016,1,34.606451612903221,0.0,0
MANHATTAN,40.701,-74.014,2016,9,72.02,0.0,0
MANHATTAN,40.701,-74.014,2016,6,70.24666666666667,0.0,0
QUEENS,40.639,-73.762,2016,2,37.517241379310342,11.693103448275862,14
QUEENS,40.639,-73.762,2016,8,78.5741935483871,8.6354838709677413,10
QUEENS,40.639,-73.762,2016,6,71.713333333333338,9.2766666666666673,8
QUEENS,40.639,-73.762,2016,12,39.954838709677418,11.167741935483869,11
QUEENS,40.639,-73.762,2016,5,59.687096774193549,8.4645161290322584,18
QUEENS,40.639,-73.762,2016,3,46.954838709677418,10.512903225806451,7
QUEENS,40.639,-73.762,2016,9,71.203333333333333,9.1133333333333333,10
QUEENS,40.639,-73.762,2016,10,58.699999999999996,9.2096774193548381,12
QUEENS,40.639,-73.762,2016,7,77.987096774193532,9.1290322580645125,15
QUEENS,40.639,-73.762,2016,4,50.589999999999996,10.576666666666664,14
QUEENS,40.639,-73.762,2016,11,50.559999999999988,10.403333333333332,8
QUEENS,40.639,-73.762,2016,1,35.158064516129038,11.290322580645158,6
MANHATTAN,40.701,-74.009,2016,10,63.91875,5.46875,0
MANHATTAN,40.701,-74.009,2016,11,49.847619047619048,5.1238095238095234,3
MANHATTAN,40.701,-74.009,2016,12,40.183870967741939,7.1161290322580655,0
MANHATTAN,40.701,-74.009,2016,9,73.899999999999977,6.0599999999999987,0
MANHATTAN,40.701,-74.009,2016,7,81.374999999999986,4.875,0
MANHATTAN,40.701,-74.009,2016,8,80.2483870967742,4.9258064516129041,0
QUEENS,40.779,-73.88,2016,1,35.651612903225811,10.593548387096771,5
QUEENS,40.779,-73.88,2016,7,80.283870967741919,7.94516129032258,15
QUEENS,40.779,-73.88,2016,11,52.216666666666661,9.68,7
QUEENS,40.779,-73.88,2016,2,38.2344827586207,10.982758620689655,14
QUEENS,40.779,-73.88,2016,4,52.513333333333328,9.0733333333333341,14
QUEENS,40.779,-73.88,2016,10,60.741935483870975,8.9838709677419377,11
QUEENS,40.779,-73.88,2016,12,40.41612903225807,10.467741935483874,11
QUEENS,40.779,-73.88,2016,9,73.513333333333321,8.9466666666666672,11
QUEENS,40.779,-73.88,2016,5,62.900000000000006,7.9870967741935477,15
QUEENS,40.779,-73.88,2016,3,48.300000000000004,9.832258064516127,9
QUEENS,40.779,-73.88,2016,8,80.770967741935479,8.2290322580645157,14
QUEENS,40.779,-73.88,2016,6,73.120000000000019,8.7566666666666659,10
MANHATTAN,40.779,-73.969,2016,2,37.731034482758616,6.3000000000000007,9
MANHATTAN,40.779,-73.969,2016,12,38.512903225806447,5.3709677419354831,10
MANHATTAN,40.779,-73.969,2016,11,49.926666666666662,4.4700000000000006,8
MANHATTAN,40.779,-73.969,2016,7,78.161290322580641,3.4064516129032247,15
MANHATTAN,40.779,-73.969,2016,5,61.919354838709673,3.7576923076923081,10
MANHATTAN,40.779,-73.969,2016,10,58.409677419354843,4.03225806451613,8
MANHATTAN,40.779,-73.969,2016,1,34.548387096774192,6.1032258064516141,4
MANHATTAN,40.779,-73.969,2016,3,48.141935483870974,5.7354838709677436,7
MANHATTAN,40.779,-73.969,2016,8,78.587096774193554,3.3068965517241375,11
MANHATTAN,40.779,-73.969,2016,6,71.78,3.68,8
MANHATTAN,40.779,-73.969,2016,9,71.343333333333334,4.1999999999999993,7
MANHATTAN,40.779,-73.969,2016,4,52.626666666666672,5.0133333333333328,12
STATEN ISLAND,40.639,-74.146,2016,10,58.812903225806458,0.0,0
STATEN ISLAND,40.639,-74.146,2016,7,78.390322580645162,0.0,0
STATEN ISLAND,40.639,-74.146,2016,1,34.187096774193542,0.0,0
STATEN ISLAND,40.639,-74.146,2016,2,37.324137931034478,0.0,0
STATEN ISLAND,40.639,-74.146,2016,8,79.0,0.0,0
STATEN ISLAND,40.639,-74.146,2016,9,71.883333333333326,0.0,0
STATEN ISLAND,40.639,-74.146,2016,4,52.473333333333343,0.0,0
STATEN ISLAND,40.639,-74.146,2016,6,71.313333333333318,0.0,0
STATEN ISLAND,40.639,-74.146,2016,11,49.493103448275861,0.0,0
STATEN ISLAND,40.639,-74.146,2016,12,38.183870967741932,0.0,0
STATEN ISLAND,40.639,-74.146,2016,5,61.490322580645156,0.0,0
STATEN ISLAND,40.639,-74.146,2016,3,47.9741935483871,0.0,0
QUEENS,40.8,-73.77,2016,10,58.251612903225805,7.2967741935483854,0
QUEENS,40.8,-73.77,2016,6,68.75333333333333,6.64,0
QUEENS,40.8,-73.77,2016,12,38.674193548387095,9.4580645161290331,0
QUEENS,40.8,-73.77,2016,8,77.167741935483889,6.1419354838709666,0
QUEENS,40.8,-73.77,2016,1,34.69166666666667,10.520833333333332,0
QUEENS,40.8,-73.77,2016,4,49.586666666666659,9.00666666666667,0
QUEENS,40.8,-73.77,2016,2,36.265517241379314,10.099999999999998,0
QUEENS,40.8,-73.77,2016,9,70.62,6.8566666666666647,0
QUEENS,40.8,-73.77,2016,7,75.91290322580646,5.5806451612903238,0
QUEENS,40.8,-73.77,2016,11,49.589655172413792,7.6413793103448251,0
QUEENS,40.8,-73.77,2016,5,58.86774193548387,5.6774193548387082,0
QUEENS,40.8,-73.77,2016,3,45.519354838709681,8.5,0
MANHATTAN,40.701,-74.014,2017,8,73.932258064516134,0.0,0
MANHATTAN,40.701,-74.014,2017,4,54.806666666666665,0.0,0
MANHATTAN,40.701,-74.014,2017,1,37.459999999999994,0.0,0
MANHATTAN,40.701,-74.014,2017,3,38.706451612903223,0.0,0
MANHATTAN,40.701,-74.014,2017,12,35.832258064516139,0.0,0
MANHATTAN,40.701,-74.014,2017,5,60.148387096774194,0.0,0
MANHATTAN,40.701,-74.014,2017,2,40.539285714285711,0.0,0
MANHATTAN,40.701,-74.014,2017,6,71.276666666666685,0.0,0
MANHATTAN,40.701,-74.014,2017,9,70.094117647058809,0.0,0
MANHATTAN,40.701,-74.014,2017,11,47.644827586206908,0.0,0
MANHATTAN,40.701,-74.014,2017,10,64.06451612903227,0.0,0
MANHATTAN,40.701,-74.014,2017,7,75.996774193548376,0.0,0
QUEENS,40.639,-73.762,2017,1,38.464516129032269,10.883870967741936,14
QUEENS,40.639,-73.762,2017,10,62.883870967741935,9.9064516129032256,14
QUEENS,40.639,-73.762,2017,2,40.192857142857136,10.657142857142857,8
QUEENS,40.639,-73.762,2017,6,70.690000000000012,9.2300000000000022,13
QUEENS,40.639,-73.762,2017,7,76.090322580645193,8.43548387096774,12
QUEENS,40.639,-73.762,2017,5,60.167741935483868,10.1,16
QUEENS,40.639,-73.762,2017,3,39.216129032258074,12.799999999999999,13
QUEENS,40.639,-73.762,2017,9,70.220000000000013,9.06,10
QUEENS,40.639,-73.762,2017,12,35.41935483870968,10.954838709677418,8
QUEENS,40.639,-73.762,2017,11,46.756666666666675,10.113333333333332,11
QUEENS,40.639,-73.762,2017,8,74.109677419354838,8.122580645161289,12
QUEENS,40.639,-73.762,2017,4,54.460000000000015,9.8399999999999963,16
MANHATTAN,40.701,-74.009,2017,7,77.464516129032248,5.6645161290322585,11
MANHATTAN,40.701,-74.009,2017,11,49.426666666666669,6.1666666666666661,9
MANHATTAN,40.701,-74.009,2017,8,75.535483870967752,5.12258064516129,13
MANHATTAN,40.701,-74.009,2017,4,55.839999999999996,6.4033333333333315,13
MANHATTAN,40.701,-74.009,2017,2,41.939285714285717,5.7785714285714267,10
MANHATTAN,40.701,-74.009,2017,3,40.429032258064517,6.6999999999999993,13
MANHATTAN,40.701,-74.009,2017,5,61.467741935483858,6.8774193548387093,16
MANHATTAN,40.701,-74.009,2017,6,71.600000000000023,6.0375000000000005,9
MANHATTAN,40.701,-74.009,2017,10,65.59032258064515,6.4096774193548383,9
MANHATTAN,40.701,-74.009,2017,1,39.054838709677419,7.6096774193548384,6
MANHATTAN,40.701,-74.009,2017,9,71.88,5.3133333333333344,6
MANHATTAN,40.701,-74.009,2017,12,37.570967741935476,6.84516129032258,11
QUEENS,40.779,-73.88,2017,11,48.113333333333344,9.5033333333333321,12
QUEENS,40.779,-73.88,2017,7,77.658064516129045,7.7451612903225806,15
QUEENS,40.779,-73.88,2017,3,40.648387096774194,12.054838709677421,12
QUEENS,40.779,-73.88,2017,6,73.383333333333326,8.66,14
QUEENS,40.779,-73.88,2017,1,39.474193548387092,10.606451612903227,14
QUEENS,40.779,-73.88,2017,9,71.026666666666671,8.32,7
QUEENS,40.779,-73.88,2017,2,42.274999999999991,10.753571428571426,7
QUEENS,40.779,-73.88,2017,4,57.006666666666661,9.4866666666666681,15
QUEENS,40.779,-73.88,2017,10,65.022580645161284,8.7935483870967737,13
QUEENS,40.779,-73.88,2017,8,75.116129032258058,7.6064516129032258,12
QUEENS,40.779,-73.88,2017,12,36.312903225806437,10.370967741935486,9
QUEENS,40.779,-73.88,2017,5,62.793548387096777,9.8129032258064512,15
MANHATTAN,40.779,-73.969,2017,3,38.86451612903226,6.4258064516129032,9
MANHATTAN,40.779,-73.969,2017,11,46.939999999999991,4.5433333333333321,9
MANHATTAN,40.779,-73.969,2017,1,37.745161290322571,5.935483870967742,13
MANHATTAN,40.779,-73.969,2017,12,35.345161290322586,5.2774193548387087,7
MANHATTAN,40.779,-73.969,2017,4,56.25,5.1733333333333338,13
MANHATTAN,40.779,-73.969,2017,7,76.43225806451612,3.3741935483870966,11
MANHATTAN,40.779,-73.969,2017,6,72.059999999999988,3.6066666666666665,12
MANHATTAN,40.779,-73.969,2017,2,41.232142857142861,5.8,6
MANHATTAN,40.779,-73.969,2017,10,63.806451612903231,3.9322580645161289,10
MANHATTAN,40.779,-73.969,2017,5,60.638709677419364,4.4516129032258061,13
MANHATTAN,40.779,-73.969,2017,9,70.13,3.61,6
MANHATTAN,40.779,-73.969,2017,8,73.683870967741925,2.9580645161290318,11
STATEN ISLAND,40.639,-74.146,2017,10,63.56774193548388,0.0,0
STATEN ISLAND,40.639,-74.146,2017,1,37.513333333333328,0.0,0
STATEN ISLAND,40.639,-74.146,2017,7,76.890322580645162,0.0,0
STATEN ISLAND,40.639,-74.146,2017,3,39.2,0.0,0
STATEN ISLAND,40.639,-74.146,2017,11,47.089655172413806,0.0,0
STATEN ISLAND,40.639,-74.146,2017,8,73.970967741935482,0.0,0
STATEN ISLAND,40.639,-74.146,2017,4,55.843333333333341,0.0,0
STATEN ISLAND,40.639,-74.146,2017,5,60.841935483870962,0.0,0
STATEN ISLAND,40.639,-74.146,2017,12,35.416129032258063,0.0,0
STATEN ISLAND,40.639,-74.146,2017,6,72.556666666666658,0.0,0
STATEN ISLAND,40.639,-74.146,2017,9,70.240000000000023,0.0,0
STATEN ISLAND,40.639,-74.146,2017,2,40.6857142857143,0.0,0
QUEENS,40.8,-73.77,2017,6,69.343333333333334,6.2566666666666668,0
QUEENS,40.8,-73.77,2017,7,74.170967741935485,5.83225806451613,0
QUEENS,40.8,-73.77,2017,2,39.1074074074074,9.5629629629629651,0
QUEENS,40.8,-73.77,2017,3,37.22258064516128,10.293548387096775,0
QUEENS,40.8,-73.77,2017,4,52.163333333333327,6.87,0
QUEENS,40.8,-73.77,2017,10,63.467741935483865,8.4161290322580662,0
QUEENS,40.8,-73.77,2017,5,58.780645161290309,7.6161290322580637,0
QUEENS,40.8,-73.77,2017,12,35.429032258064517,9.9354838709677438,0
QUEENS,40.8,-73.77,2017,8,72.806451612903231,5.0193548387096785,0
QUEENS,40.8,-73.77,2017,1,36.486363636363635,7.3999999999999995,0
QUEENS,40.8,-73.77,2017,9,68.98333333333332,7.4600000000000009,0
QUEENS,40.8,-73.77,2017,11,47.175862068965522,9.6482758620689673,0
MANHATTAN,40.701,-74.014,2018,2,40.378571428571419,0.0,0
MANHATTAN,40.701,-74.014,2018,3,39.174193548387095,0.0,0
MANHATTAN,40.701,-74.014,2018,4,46.528000000000006,0.0,0
MANHATTAN,40.701,-74.014,2018,1,31.486666666666672,0.0,0
QUEENS,40.639,-73.762,2018,9,70.363333333333316,8.3866666666666667,15
QUEENS,40.639,-73.762,2018,1,30.548387096774196,11.63548387096774,7
QUEENS,40.639,-73.762,2018,5,62.658064516129024,8.2064516129032228,17
QUEENS,40.639,-73.762,2018,2,39.5,9.2785714285714285,16
QUEENS,40.639,-73.762,2018,11,51.18333333333333,10.491666666666664,6
QUEENS,40.639,-73.762,2018,6,69.2,8.6800000000000015,13
QUEENS,40.639,-73.762,2018,3,38.864516129032253,13.216129032258063,13
QUEENS,40.639,-73.762,2018,10,57.890322580645169,10.5,15
QUEENS,40.639,-73.762,2018,7,75.9,9.09032258064516,12
QUEENS,40.639,-73.762,2018,8,77.361290322580629,8.870967741935484,15
QUEENS,40.639,-73.762,2018,4,46.706666666666663,11.916666666666668,15
MANHATTAN,40.701,-74.009,2018,4,49.033333333333331,6.6599999999999993,13
MANHATTAN,40.701,-74.009,2018,2,41.635714285714279,5.7285714285714286,17
MANHATTAN,40.701,-74.009,2018,11,54.3909090909091,7.245454545454546,6
MANHATTAN,40.701,-74.009,2018,7,78.194444444444457,,6
MANHATTAN,40.701,-74.009,2018,5,65.27272727272728,5.922727272727272,12
MANHATTAN,40.701,-74.009,2018,3,40.716129032258074,6.9516129032258061,13
MANHATTAN,40.701,-74.009,2018,9,72.603448275862064,6.3937499999999989,11
MANHATTAN,40.701,-74.009,2018,8,79.736666666666665,,13
MANHATTAN,40.701,-74.009,2018,10,59.777419354838706,6.03225806451613,12
MANHATTAN,40.701,-74.009,2018,1,29.171428571428571,6.4523809523809508,4
MANHATTAN,40.701,-74.009,2018,6,71.87,2.65,13
QUEENS,40.779,-73.88,2018,2,41.439285714285717,8.7642857142857125,17
QUEENS,40.779,-73.88,2018,5,66.409677419354821,7.654838709677418,19
QUEENS,40.779,-73.88,2018,9,72.34333333333332,8.28,15
QUEENS,40.779,-73.88,2018,6,72.4666666666667,8.06,15
QUEENS,40.779,-73.88,2018,7,79.429032258064538,8.3580645161290317,14
QUEENS,40.779,-73.88,2018,8,80.567741935483852,7.9096774193548391,16
QUEENS,40.779,-73.88,2018,1,31.532258064516125,10.964516129032253,7
QUEENS,40.779,-73.88,2018,10,59.538709677419362,9.6161290322580637,13
QUEENS,40.779,-73.88,2018,11,53.016666666666666,9.5499999999999989,6
QUEENS,40.779,-73.88,2018,3,40.416129032258056,11.964516129032258,10
QUEENS,40.779,-73.88,2018,4,48.850000000000009,10.809999999999997,12
MANHATTAN,40.779,-73.969,2018,11,51.733333333333334,,6
MANHATTAN,40.779,-73.969,2018,4,48.82,5.4866666666666655,12
MANHATTAN,40.779,-73.969,2018,10,57.487096774193553,2.0615384615384618,12
MANHATTAN,40.779,-73.969,2018,7,77.106451612903228,2.435483870967742,15
MANHATTAN,40.779,-73.969,2018,6,71.219999999999985,2.7966666666666664,16
MANHATTAN,40.779,-73.969,2018,5,66.112903225806463,2.7935483870967741,16
MANHATTAN,40.779,-73.969,2018,8,77.783870967741933,2.5354838709677416,17
MANHATTAN,40.779,-73.969,2018,3,39.645161290322584,6.3290322580645162,7
MANHATTAN,40.779,-73.969,2018,1,31.693548387096776,5.9774193548387089,4
MANHATTAN,40.779,-73.969,2018,2,41.364285714285714,4.8035714285714288,16
MANHATTAN,40.779,-73.969,2018,9,70.456666666666678,2.8919999999999995,17
STATEN ISLAND,40.639,-74.146,2018,2,40.74285714285714,0.0,0
STATEN ISLAND,40.639,-74.146,2018,4,47.124,0.0,0
STATEN ISLAND,40.639,-74.146,2018,3,39.261290322580635,0.0,0
STATEN ISLAND,40.639,-74.146,2018,1,32.900000000000006,0.0,0
QUEENS,40.8,-73.77,2018,2,38.657142857142858,8.05,0
QUEENS,40.8,-73.77,2018,4,44.856,10.052000000000001,0
QUEENS,40.8,-73.77,2018,3,38.338709677419345,11.409677419354841,0
QUEENS,40.8,-73.77,2018,1,30.133333333333336,10.156666666666666,0
