CreatedDateYear,CreatedDateMonth,CreatedDateDay,requests
2016,07,10,5180
2010,04,25,2837
2018,09,23,6247
2015,05,13,5979
2013,11,27,5433
2014,09,02,6165
2015,10,28,6361
2016,05,05,6614
2010,08,22,2594
2011,05,19,4962
2011,05,03,4989
2015,02,06,7109
2011,11,28,5546
2010,12,11,3990
2011,04,09,2697
2018,10,27,6397
2018,12,14,6698
2013,08,08,4742
2015,01,01,4120
2016,05,12,6629
2014,12,15,6026
2014,07,15,6755
2012,05,28,3559
2011,07,30,3288
2010,08,03,6151
2012,07,05,5534
2012,01,09,6293
2012,05,23,5497
2015,05,24,4590
2017,10,08,4795
2018,02,08,7536
2011,07,05,6242
2017,09,03,4983
2011,03,10,5541
2013,09,20,4265
2015,05,21,5957
2013,10,04,5004
2015,12,30,5998
2016,03,21,6131
2016,06,14,7401
2017,01,04,6946
2018,04,19,7161
2018,05,15,7628
2016,07,29,6395
2012,01,28,3395
2011,02,13,3006
2011,07,06,6207
2013,09,01,2990
2017,11,23,4145
2014,12,27,3442
2011,12,31,2517
2010,05,30,2583
2014,12,24,4091
2016,06,15,7319
2015,08,12,6163
2010,12,15,8448
2018,02,02,7458
2010,10,21,6861
2010,05,18,5426
2016,10,19,5965
2011,09,04,2888
2014,10,21,5957
2019,02,06,7586
2011,01,21,5626
2011,06,10,4960
2012,08,17,4898
2017,11,09,8332
2018,10,31,7880
2014,07,02,6426
2013,04,09,5338
2016,12,16,9339
2018,04,02,6763
2017,05,18,7158
2015,06,18,6380
2017,01,11,6494
2014,07,14,6209
2010,08,28,3251
2014,11,23,3941
2012,07,08,2686
2017,12,17,5558
2018,06,01,7484
2010,08,30,6011
2010,06,07,6246
2016,02,10,6611
2016,11,09,5246
2014,08,29,5007
2013,08,18,3327
2011,01,20,6160
2012,04,30,5086
2018,01,06,10533
2011,02,16,6277
2015,11,14,6100
2018,01,13,6347
2013,03,08,4930
2013,12,04,5018
2019,03,13,7214
2015,04,16,6210
2013,01,07,5829
2016,07,20,6550
2017,10,06,6624
2011,02,14,6037
2011,08,24,5985
2018,03,28,7198
2011,06,23,5516
2011,03,15,5984
2014,05,22,5631
2017,02,15,7014
2012,09,04,5101
2013,06,25,5449
2014,12,17,5667
2013,07,25,5097
2012,07,10,5748
2013,09,15,3151
2016,12,15,9038
2014,12,31,5055
2012,11,07,8358
2010,12,25,2489
2016,06,20,7406
2010,09,28,6300
2016,08,10,6267
2011,06,14,5258
2017,03,31,6493
2011,12,16,5345
2015,03,28,4710
2014,06,28,4570
2019,04,09,6434
2010,09,27,6306
2014,11,19,8747
2010,05,21,5400
2013,09,02,2996
2019,02,16,5136
2015,12,13,4137
2014,04,02,5816
2013,05,08,6158
2012,08,29,5218
2014,03,19,6275
2010,08,10,6126
2010,09,26,3203
2015,03,14,5159
2015,09,28,6184
2017,05,12,6537
2010,02,28,4203
2011,03,11,5612
2016,09,12,6589
2017,12,31,6140
2015,10,06,6090
2011,10,22,4182
2012,12,20,5222
2018,08,18,5766
2012,12,24,3796
2010,11,23,5286
2011,07,31,2771
2018,07,13,7557
2014,04,18,4773
2017,07,20,6593
2016,04,14,6295
2015,07,22,6455
2011,01,17,4652
2010,01,02,3845
2015,08,22,4826
2012,05,12,2831
2018,07,07,6383
2013,10,19,3304
2016,06,07,7091
2017,12,18,7295
2018,03,16,7491
2017,04,01,5267
2016,09,11,5290
2012,11,11,3177
2017,11,10,8045
2011,05,30,2854
2011,02,12,3813
2012,03,22,5056
2011,01,28,6509
2010,06,06,2966
2012,09,10,5865
2015,04,22,6438
2012,09,29,3268
2017,04,05,6995
2016,04,08,6340
2011,04,30,2908
2012,05,05,2536
2015,10,08,6249
2016,12,04,5387
2017,08,31,6558
2015,11,02,6273
2011,02,03,7194
2016,03,13,4464
2015,09,14,6230
2010,11,08,8073
2012,08,08,5308
2012,10,05,4827
2018,05,06,5801
2014,01,02,5861
2012,05,21,5364
2016,09,09,6515
2019,04,06,5282
2016,08,23,6596
2014,05,02,5677
2013,09,26,4697
2010,02,21,3228
2012,12,14,5037
2013,09,04,5009
2012,09,26,4751
2012,07,17,5592
2010,06,19,3162
2014,11,21,6820
2014,12,22,5984
2010,05,14,5470
2014,08,12,5434
2014,10,05,3992
2017,07,14,5993
2010,03,24,6556
2016,12,08,6706
2017,04,14,5517
2012,11,18,3695
2011,09,29,5846
2014,09,24,5471
2013,08,14,5152
2011,06,25,3327
2017,12,07,7678
2013,09,12,5072
2012,02,26,3149
2018,11,13,8230
2011,04,17,2290
2017,10,16,7087
2011,11,13,3252
2015,08,29,5247
2014,04,21,5541
2017,07,19,7120
2017,03,25,5126
2014,06,12,5827
2018,01,10,8177
2014,09,17,5948
2018,07,08,6282
2011,03,16,5364
2012,06,07,4901
2013,06,21,5184
2010,04,26,6422
2014,01,05,5488
2016,12,10,6268
2010,06,21,6496
2010,10,04,6886
2019,02,05,7486
2013,02,24,3414
2011,02,09,7782
2018,07,03,6975
2018,08,17,7323
2012,03,07,5253
2016,05,21,5432
2012,11,27,6270
2013,10,07,5224
2015,12,17,5574
2011,01,07,5207
2017,04,23,5286
2015,05,17,4245
2015,01,29,6549
2018,09,28,7944
2019,01,27,5590
2010,11,13,3833
2011,04,18,4727
2010,01,25,7850
2012,04,18,5015
2016,04,05,7207
2017,11,04,6391
2011,08,04,5433
2015,04,12,4286
2016,02,15,8536
2016,02,22,6777
2018,08,31,6879
2010,09,14,5893
2011,04,12,4670
2011,04,04,4747
2015,01,14,5866
2013,10,11,4475
2016,07,23,4747
2012,09,08,3964
2010,05,17,6260
2015,07,12,4831
2016,03,24,6204
2018,02,01,7376
2013,04,04,5446
2014,05,10,4360
2013,08,11,3047
2014,02,16,4832
2016,10,28,6897
2015,10,26,7114
2012,10,08,4156
2010,04,13,5983
2014,06,14,4735
2018,09,20,7975
2016,11,26,4493
2014,07,22,5905
2018,11,11,5823
2017,03,10,6037
2010,03,31,7037
2011,12,06,5915
2013,09,22,2988
2011,04,06,4658
2018,12,21,7610
2015,10,23,6150
2016,06,22,6906
2017,07,07,6915
2011,08,23,5462
2014,07,05,4453
2014,02,17,6728
2016,02,16,8855
2010,09,19,3285
2011,03,17,4944
2014,04,16,5869
2015,03,04,7430
2018,09,27,7886
2010,04,23,5343
2019,03,15,6786
2013,05,04,3482
2017,12,04,7343
2013,11,08,5852
2010,01,13,6822
2016,08,15,6707
2010,11,14,2998
2016,01,01,4223
2018,01,14,6474
2010,04,14,6103
2011,10,02,2545
2012,12,26,6041
2010,03,27,4000
2013,11,19,6395
2010,09,13,6029
2012,04,27,4939
2010,11,09,7564
2010,02,15,4234
2017,03,16,9177
2011,12,23,4166
2018,11,27,8656
2017,11,25,4843
2017,12,15,7825
2016,11,06,3305
2012,08,15,5745
2015,04,20,6904
2014,07,06,4156
2013,02,10,4035
2016,12,13,7069
2016,06,10,6744
2011,01,09,3417
2016,02,12,8482
2010,07,01,5397
2015,07,15,6912
2016,09,22,6595
2019,01,22,10591
2013,02,07,5725
2016,10,25,8653
2011,02,19,3934
2013,06,06,5294
2011,04,25,4909
2017,01,21,5191
2018,11,08,7822
2016,10,13,6323
2016,10,03,5943
2012,01,16,5699
2018,03,09,7253
2016,09,15,6680
2017,01,29,5041
2017,08,12,5269
2018,07,16,8036
2019,03,21,6647
2010,08,26,5410
2013,10,12,2810
2017,10,10,7524
2010,09,29,6100
2010,08,08,2577
2010,10,25,6018
2013,08,04,3139
2019,03,24,5388
2014,09,30,5245
2016,05,11,6762
2013,09,24,5402
2012,10,30,6060
2015,07,26,3909
2016,03,16,6495
2010,09,23,5823
2018,12,31,6151
2012,11,05,7021
2014,10,27,6400
2017,02,17,6450
2018,04,17,7533
2013,12,12,7130
2019,03,18,7388
2015,08,09,4581
2018,12,26,6195
2013,04,08,5467
2013,09,21,3617
2016,09,05,4658
2018,09,15,6835
2018,12,06,7582
2019,04,07,5374
2014,02,24,7113
2012,08,31,4106
2018,08,25,6394
2010,04,18,3041
2012,10,26,4803
2018,01,19,7726
2017,01,12,6608
2014,07,13,3857
2015,05,10,5053
2017,08,24,6349
2010,03,18,6573
2016,03,20,4934
2012,05,20,2733
2011,06,05,2300
2013,08,10,3128
2014,11,17,6928
2018,07,31,8066
2011,04,27,4944
2011,10,06,6094
2014,11,18,8798
2016,03,04,5873
2019,04,02,6819
2011,03,13,2566
2010,03,20,3754
2019,04,13,5025
2011,08,25,5970
2011,01,27,4315
2013,03,28,4764
2016,12,11,5854
2012,04,24,5699
2010,11,24,5746
2014,11,27,3554
2011,01,03,6936
2012,11,26,6382
2015,08,25,6318
2012,05,24,4987
2016,11,17,6478
2017,04,10,7287
2012,11,06,6691
2016,09,30,5414
2014,12,13,4721
2016,08,20,5231
2016,11,30,6775
2019,02,26,7788
2012,01,04,9696
2018,03,22,7220
2014,06,17,6566
2018,10,17,9725
2016,03,11,6626
2018,03,27,7780
2014,08,18,5613
2012,11,04,4117
2013,12,13,6308
2010,12,21,6799
2014,07,23,5743
2016,11,14,6705
2017,06,12,7317
2016,07,13,6778
2017,04,04,7167
2015,10,22,5856
2011,10,28,8513
2014,11,13,6937
2010,11,29,6955
2011,10,24,6950
2011,05,21,3056
2012,10,24,5125
2015,11,04,6052
2019,02,12,6904
2017,03,13,7164
2013,06,07,5139
2016,07,12,6988
2018,01,27,5697
2013,12,31,4858
2010,01,21,6425
2014,06,24,6888
2014,02,27,6927
2015,01,04,3743
2017,12,20,6648
2016,05,17,6367
2017,08,15,6319
2016,02,19,6723
2011,03,07,5528
2014,07,19,4252
2014,05,26,4714
2017,09,04,5774
2015,07,18,4937
2017,02,23,6500
2011,08,03,4936
2017,11,15,7685
2015,05,04,6682
2014,10,04,4040
2010,07,13,6529
2010,05,22,3521
2015,05,07,6455
2018,04,16,9336
2013,03,25,5222
2012,08,27,5064
2016,10,10,5381
2017,04,03,7531
2011,08,09,5857
2012,07,01,2756
2014,06,06,5723
2012,09,02,3016
2011,11,06,3399
2012,11,02,7096
2012,06,17,2989
2016,10,15,5072
2012,12,05,5602
2013,05,01,5120
2012,01,22,3981
2012,06,26,5415
2010,07,15,5956
2017,05,06,5431
2018,05,27,4880
2012,07,24,5428
2015,11,25,5891
2017,01,25,7498
2016,02,26,7013
2011,06,15,5265
2018,03,20,7399
2014,03,25,5809
2014,07,20,4117
2017,06,20,7188
2014,11,10,6334
2014,08,07,5604
2019,03,19,7426
2017,10,29,5837
2018,05,01,8014
2018,12,03,7983
2012,10,25,4940
2012,09,23,2943
2016,11,22,7923
2016,05,25,7119
2013,08,05,5587
2016,08,29,6828
2013,01,23,8035
2013,02,08,5101
2017,07,22,5061
2012,01,02,3666
2018,12,09,5932
2013,12,08,4393
2011,10,05,5811
2014,12,18,5814
2011,06,16,5236
2018,12,27,6770
2018,01,21,5385
2015,11,20,6548
2012,11,12,4390
2016,10,29,5843
2010,01,22,5872
2015,08,28,5677
2016,09,06,6752
2010,11,26,4093
2014,07,11,5822
2015,07,07,6601
2018,01,31,7504
2013,04,01,5420
2012,03,28,5027
2015,05,31,5005
2010,10,09,3160
2013,11,29,4233
2012,05,25,4692
2017,07,16,5820
2012,09,05,4962
2010,04,21,6050
2016,11,07,8276
2013,06,29,3497
2011,08,17,5897
2017,01,30,7022
2013,09,25,4961
2010,09,04,3211
2011,02,07,6550
2012,10,18,5025
2019,02,28,6939
2016,06,05,4839
2015,12,12,4866
2010,07,07,6607
2012,12,04,5291
2010,07,26,6275
2014,10,08,5546
2018,04,10,7453
2011,09,05,3489
2011,09,23,6535
2013,07,03,5279
2010,05,08,3653
2014,01,07,10870
2012,05,26,2812
2012,08,12,2919
2012,06,04,5320
2010,09,25,3428
2015,01,12,6265
2015,08,31,6378
2013,10,22,5273
2010,09,03,5493
2015,09,09,6458
2017,06,27,7272
2015,03,10,7719
2017,11,13,7843
2013,11,09,3513
2013,12,18,5796
2018,06,09,6778
2017,09,12,7372
2013,07,01,5489
2012,01,18,6320
2014,07,08,6618
2010,05,20,5505
2012,05,18,4916
2010,12,28,4467
2014,09,14,3456
2011,04,16,3081
2013,07,08,5860
2016,01,07,6700
2015,02,12,6134
2018,09,18,7971
2019,01,25,7699
2016,06,28,7105
2010,09,05,2670
2011,09,02,5571
2014,05,20,6202
2013,03,07,5661
2017,10,04,7554
2017,09,05,7323
2015,12,28,6358
2012,03,29,5300
2015,07,04,4266
2014,02,22,4320
2013,06,17,5608
2016,12,07,7086
2017,08,09,7449
2011,11,19,4227
2013,09,28,3380
2015,08,14,5713
2017,10,11,7255
2010,03,22,6697
2010,08,23,6281
2014,11,02,6191
2014,05,29,5735
2018,01,09,9251
2018,02,27,7441
2018,12,05,8377
2011,10,15,3351
2014,08,22,4815
2017,04,17,6867
2016,04,21,5780
2012,04,19,4906
2013,10,23,6456
2011,06,29,5709
2016,04,24,4626
2017,04,18,6364
2018,10,21,6675
2015,04,24,6498
2012,08,30,5095
2015,03,09,7388
2015,12,23,5040
2014,09,25,4452
2015,09,21,6705
2015,02,13,7268
2018,04,26,7571
2012,09,20,4862
2010,11,20,3941
2011,03,05,2481
2013,05,21,5356
2018,06,29,7128
2019,03,22,6706
2014,11,08,5304
2016,09,19,5485
2015,10,27,7015
2014,03,26,5933
2018,09,10,6822
2017,04,08,5177
2013,04,14,3091
2013,09,09,4964
2018,03,13,6975
2011,10,30,5045
2014,08,09,4282
2016,06,12,5207
2014,08,02,4089
2016,09,13,6633
2010,03,07,3228
2012,01,01,2359
2015,04,10,5757
2012,02,11,3328
2010,05,01,3197
2015,11,19,6028
2018,06,02,6372
2014,03,31,6052
2012,09,03,2983
2016,02,06,4739
2015,01,17,5019
2016,11,12,5781
2013,07,20,2938
2019,01,31,11023
2016,04,04,6618
2015,10,18,7167
2017,11,14,8306
2011,01,11,6231
2012,10,02,4834
2016,01,08,6114
2014,06,21,4977
2017,02,24,6379
2013,08,31,3055
2015,06,06,5336
2016,10,24,7494
2013,08,22,4820
2014,07,03,6110
2011,02,20,3609
2014,12,16,5845
2017,08,17,6877
2012,02,10,4836
2012,02,22,4919
2018,01,28,5091
2017,01,13,6449
2014,09,28,3823
2014,12,28,3602
2013,04,27,3750
2015,02,21,6200
2010,10,14,6257
2014,01,31,5686
2017,05,16,7148
2014,09,12,5193
2016,07,16,5308
2011,09,21,5949
2012,03,16,4676
2015,02,27,6545
2015,08,07,6099
2016,04,03,6044
2011,09,08,7037
2011,06,11,2849
2010,09,15,5785
2014,12,20,4448
2015,05,19,6454
2010,06,22,6205
2016,02,23,6614
2016,01,10,4735
2010,12,07,8242
2012,03,24,2922
2014,03,28,5080
2016,05,06,6450
2012,06,18,5789
2012,04,25,5370
2015,10,19,9373
2011,10,23,3536
2016,01,20,7421
2011,04,28,4984
2017,05,17,7494
2015,01,26,5821
2015,05,16,4428
2013,02,09,3623
2018,11,02,6785
2017,11,26,5183
2015,01,19,4774
2011,06,22,5473
2013,12,14,4274
2012,04,06,3922
2015,06,21,4937
2010,11,19,6274
2012,03,26,6014
2017,07,04,5294
2017,02,14,6513
2016,03,27,4522
2011,03,25,4759
2018,08,21,7681
2010,03,17,6856
2012,09,27,5224
d Da,Cr,at,1
2018,03,04,6008
2012,06,10,2607
2019,01,09,7527
2012,01,27,5167
2015,11,27,4381
2013,01,19,3671
2015,01,23,6107
2013,07,28,3013
2015,03,21,4865
2018,07,28,6279
2017,01,08,6530
2012,10,06,3116
2019,02,02,6973
2010,02,27,4450
2013,08,28,4983
2010,02,24,7168
2012,08,01,5137
2013,02,22,5843
2018,06,18,8230
2015,02,11,6201
2010,09,24,5778
2010,10,18,6959
2017,02,18,5136
2016,02,04,6396
2018,08,04,5898
2010,08,15,2480
2011,05,04,4723
2016,03,22,6582
2019,04,14,4965
2012,12,02,3041
2012,11,22,2508
2013,07,14,3342
2018,04,03,7004
2019,01,06,5225
2018,12,15,5444
2011,06,19,2647
2012,07,30,5467
2017,12,22,5959
2013,11,23,2368
2015,09,23,6182
2011,03,29,4954
2019,02,04,7574
2018,01,30,7251
2013,05,19,3023
2017,05,24,6876
2012,03,20,5044
2012,04,28,3358
2017,11,06,7348
2012,12,12,5735
2015,06,03,6665
2012,10,07,2749
2012,01,19,6672
2018,08,29,7861
2014,08,06,5741
2016,03,10,6427
2017,07,06,7060
2016,06,08,6470
2013,08,27,4899
2012,01,03,7698
2015,05,18,6408
2010,01,15,5816
2010,07,18,2501
2012,02,06,5348
2015,04,03,5440
2018,05,25,7728
2010,01,05,8259
2013,10,21,5525
2013,05,16,5164
2011,10,26,6726
2011,06,09,4484
2010,09,09,5372
2010,11,02,7314
2013,05,12,3367
2016,05,10,6444
2013,03,18,6175
2012,11,23,3890
2015,05,11,6886
2013,10,14,3606
2015,04,07,6598
2016,11,03,6380
2010,10,16,4661
2010,06,09,4934
2016,11,20,6086
2016,09,03,5536
2014,04,04,5506
2010,02,06,3662
2012,12,06,6096
2018,11,17,6678
2018,05,28,5787
2018,06,26,8057
2018,03,08,7657
2010,05,09,3370
2010,12,20,6689
2012,01,12,5496
2014,05,06,5929
2017,04,13,6198
2010,04,29,5784
2015,12,16,6043
2017,11,29,7217
2011,05,18,4974
2013,06,09,3866
2014,01,03,6133
2011,06,20,5754
2015,01,22,6212
2018,09,14,8446
2010,06,03,5494
2010,11,15,6267
2019,01,14,9593
2018,06,24,6528
2018,12,28,6512
2013,05,11,3720
2013,08,20,5187
2017,08,22,6463
2013,02,02,4467
2015,12,19,5737
2013,03,05,5765
2011,09,28,5769
2011,10,17,6025
2017,07,12,7685
2016,10,12,6039
2016,07,25,7196
2018,04,20,6628
2017,01,14,5394
2015,03,27,6700
2010,10,02,3573
2018,02,19,5357
2010,07,29,5396
2016,02,02,6232
2012,06,12,4792
2017,03,21,6802
2013,05,09,5276
2017,01,24,7842
2014,06,01,4483
2014,08,11,5928
2010,09,01,6092
2017,11,20,7778
2010,06,15,6165
2015,09,10,6259
2010,12,01,7251
2018,06,19,8503
2014,10,07,5672
2016,04,26,5945
2019,01,04,7352
2013,01,10,5474
2014,11,24,5817
2011,04,08,4757
2010,06,18,4993
2017,02,22,6447
2017,04,22,5434
2015,03,03,7167
2012,02,01,5319
2014,10,25,4632
2019,01,01,4896
2011,03,01,5619
2015,10,03,7068
2010,02,12,7211
2015,06,02,6406
2014,04,12,3766
2012,04,08,2296
2013,12,30,5471
2012,08,03,5019
2015,02,28,5382
2019,04,08,6416
2017,03,08,6427
2011,08,31,6257
2013,06,01,3957
2011,05,28,2612
2017,10,17,7982
2017,02,09,5714
2011,12,25,2226
2012,04,05,4588
2012,04,29,2414
2018,03,12,7770
2011,08,14,3432
2016,12,30,5897
2012,04,09,5202
2018,02,17,5234
2014,09,10,5431
2013,05,22,5434
2012,06,19,5583
2011,11,07,5896
2012,01,26,5301
2012,01,15,4383
2016,05,09,7197
2010,09,20,6548
2018,07,30,8477
2013,02,15,4976
2017,10,03,7300
2015,09,25,5711
2013,11,28,3117
2015,08,08,4923
2017,02,01,7315
2016,12,21,6881
2015,11,06,6092
2014,05,30,6070
2014,10,14,5564
2018,03,18,5529
2011,08,18,5663
2012,10,21,2897
2018,08,19,5509
2010,11,21,3659
2013,04,07,3069
2019,01,26,6228
2012,05,15,4562
2013,09,07,3611
2018,05,23,8111
2011,05,20,4710
2017,08,19,5358
2010,12,13,7179
2013,06,10,5379
2015,08,19,6528
2015,01,15,5164
2016,04,17,4861
2018,02,15,6928
2012,08,14,5372
2014,03,11,5867
2019,01,13,4996
2016,06,02,6830
2015,11,11,4384
2010,01,17,2955
2012,11,10,4083
2015,11,17,7268
2013,09,30,4854
2016,12,12,6866
2016,05,29,5280
2011,08,27,1651
2010,05,03,7202
2011,09,09,6254
2012,08,07,5581
2013,02,13,5707
2011,10,25,6974
2014,08,27,5267
2018,11,15,9312
2015,01,06,7246
2018,10,29,8242
2013,07,13,3156
2016,03,19,5370
2014,10,31,6234
2011,07,08,5260
2013,08,09,4501
2018,02,21,7080
2014,05,05,6308
2019,02,17,5016
2010,10,29,5504
2013,04,21,3475
2010,02,23,6865
2013,04,22,5429
2013,03,27,5372
2018,04,09,7577
2017,11,16,7534
2014,01,19,4250
2013,08,12,5119
2018,11,30,7644
2014,12,11,6241
2014,03,02,4021
2017,11,08,8371
2014,06,22,4452
2014,01,13,6181
2011,10,14,5813
2018,10,25,8313
2012,04,14,2857
2016,10,11,7234
2010,07,19,6048
2016,02,21,4416
2019,01,08,7541
2010,09,06,2811
2013,01,22,7864
2012,01,08,2915
2015,04,04,4402
2014,07,07,6462
2013,05,24,4119
2013,05,13,5639
2019,03,10,5237
2019,03,05,7295
2015,09,22,6197
2016,02,07,4540
2014,10,10,5098
2017,06,30,6597
2017,10,30,8829
2012,11,24,4008
2014,06,13,6169
2015,02,03,8890
2010,01,08,5962
2014,06,09,6482
2017,01,05,7347
2011,01,25,7869
2016,11,15,6940
2018,04,29,5873
2015,04,08,6731
2019,02,03,5581
2019,03,29,6353
2010,10,05,6165
2012,02,20,3425
2011,11,23,5558
2018,11,04,5502
2016,03,23,6598
2016,05,13,6017
2011,02,05,3693
2011,03,28,5247
2018,11,09,7235
2018,03,06,7374
2018,02,26,7532
2010,08,27,5373
2013,11,04,6061
2010,06,30,5554
2014,12,02,6636
2012,08,13,5491
2018,04,23,7799
2019,02,10,5584
2018,01,01,9219
2014,10,01,5496
2014,11,16,5063
2012,08,19,3106
2011,04,13,4872
2017,06,14,7444
2016,01,21,7141
2010,11,01,7553
2018,03,19,7872
2010,09,22,5930
2013,09,18,5543
2012,05,17,4755
2017,12,02,5699
2016,11,19,5244
2012,08,06,5586
2010,08,29,2908
2017,11,22,5946
2019,04,05,5804
2010,07,16,5543
2013,12,01,3145
2010,07,24,3167
2011,09,06,6590
2017,03,23,5486
2016,01,17,4338
2018,12,02,5643
2018,10,14,6458
2018,12,24,5059
2010,05,10,7119
2011,06,24,5067
2013,05,18,3956
2011,11,09,5518
2015,03,15,5041
2015,11,05,6085
2010,05,12,6236
2016,01,13,7980
2011,08,15,7025
2018,05,18,7122
2016,08,26,5510
2018,11,23,7662
2018,09,17,8137
2014,04,08,5999
2015,04,19,4510
2012,05,01,5158
2015,02,04,7886
2016,01,09,4883
2015,11,09,7185
2012,09,13,5113
2018,09,08,6099
2019,02,08,6823
2014,10,13,3919
2015,09,17,6354
2014,01,06,6643
2012,03,31,3274
2011,10,18,6321
2015,02,22,5698
2017,12,21,6827
2015,05,15,5869
2015,09,07,4744
2014,11,20,6852
2013,11,06,5181
2016,07,11,7132
2014,10,16,5475
2017,11,02,7513
2013,08,29,4934
2015,12,15,6068
2010,10,01,6822
2018,01,03,9329
2013,01,11,5131
2018,10,30,8157
2013,10,02,5101
2012,05,27,2730
2018,05,03,8007
2010,12,06,8557
2016,04,23,4889
2016,07,09,5191
2016,03,01,6389
2014,04,06,3755
2010,06,27,2884
2011,09,12,6312
2011,09,26,6470
2014,02,05,6899
2018,07,29,6599
2014,12,21,4084
2014,01,18,3961
2010,11,30,6446
2015,09,08,6706
2011,12,21,5059
2016,12,26,4067
2013,11,01,4701
2015,07,28,6272
2013,04,20,3276
2014,08,17,3861
2015,04,30,6114
2017,08,30,6805
2011,11,16,5856
2017,09,09,6304
2012,05,11,4589
2014,11,29,4532
2017,11,12,6109
2013,01,21,4944
2014,01,11,4342
2016,01,05,11538
2014,03,16,4255
2014,06,27,6066
2018,06,10,6132
2014,04,23,5677
2010,07,23,5222
2016,11,21,9162
2016,01,04,8580
2016,10,22,5758
2014,03,27,5730
2015,07,25,4976
2017,03,03,6690
2017,11,27,7386
2016,01,11,7442
2011,06,17,4885
2013,07,11,5228
2011,08,28,4703
2015,11,21,5408
2013,12,22,3176
2014,05,25,4500
2016,05,26,7010
2018,10,04,7630
2014,01,08,10566
2012,08,22,4991
2010,03,04,6802
2016,01,25,7826
2012,02,12,3632
2015,01,30,5745
2015,06,25,7001
2017,01,31,6865
2013,07,26,5176
2012,09,09,3074
2013,04,13,3491
2014,05,03,4214
2018,03,24,5397
2012,11,08,9203
2018,07,25,7273
2014,01,29,7449
2013,11,30,4041
2015,03,05,6290
2017,04,12,6654
2016,05,22,5274
2017,05,22,6458
2016,05,02,6608
2012,05,04,4868
2013,12,09,6147
2017,05,11,6945
2012,02,14,4905
2014,10,03,5164
2010,06,26,3173
2017,12,27,8272
2017,08,02,6464
2010,12,24,3059
2017,02,05,4801
2018,09,19,7562
2017,07,25,7189
2018,07,02,7467
2018,02,04,4958
2011,12,20,5697
2011,04,23,2779
2014,08,25,5506
2010,02,17,7486
2010,04,22,5527
2017,05,21,5413
2010,03,02,7013
2018,09,02,5908
2015,03,16,7418
2015,11,12,5209
2011,07,17,2602
2014,11,15,5860
2018,05,26,6040
2014,04,07,5651
2019,03,25,7433
2014,12,08,7838
2016,02,08,6076
2017,05,03,6748
2013,08,19,5129
2016,10,31,7280
2012,05,03,4733
2014,02,21,6574
2010,04,04,2710
2015,12,05,4988
2011,12,10,4020
2014,04,10,5595
2012,11,25,3926
2018,12,04,8123
2017,03,17,7066
2012,05,09,5184
2017,01,16,5695
2011,05,14,2640
2014,02,28,7294
2012,06,25,5751
2018,06,11,8014
2010,07,20,6082
2013,10,13,2520
2018,09,12,7928
2017,06,16,6645
2018,04,27,6650
2018,06,21,7829
2019,01,24,7339
2015,06,05,5869
2014,03,30,4420
2013,08,16,4946
2011,10,10,3730
2011,06,30,5572
2011,07,29,5473
2015,02,23,8354
2012,02,09,5194
2010,07,22,5522
2013,09,17,4740
2013,10,26,4089
2011,05,31,5711
2014,06,23,6213
2010,10,13,6271
2017,06,15,7212
2017,01,15,4723
2015,09,24,5977
2016,04,22,6493
2013,02,20,5514
2014,04,11,5519
2011,01,08,3928
2016,11,04,6267
2015,12,29,6420
2015,06,12,6654
2017,01,28,5743
2010,12,17,6573
2011,04,11,5001
2010,08,17,5968
2017,02,20,5041
2013,08,26,4845
2014,07,28,6217
2017,03,22,6872
2012,03,25,2922
2019,02,18,5391
2012,03,10,3229
2018,01,16,8505
2014,10,19,4565
2010,05,28,4934
2015,09,30,6458
2019,03,02,5068
2012,03,19,5138
2015,10,21,6245
2018,11,14,8703
2018,11,24,5705
2013,11,21,5927
2016,08,27,5117
2016,08,02,6968
2014,08,05,6113
2013,12,23,5059
2015,04,06,6470
2011,05,08,2146
2014,09,29,6090
2017,07,11,6390
2016,07,26,7263
2017,10,31,8462
2014,01,20,4532
2010,03,26,6323
2014,05,23,5326
2015,12,24,4367
2018,07,21,5510
2011,03,21,5263
2015,07,17,5897
2011,02,11,5858
2016,01,22,8810
2016,01,26,8141
2018,07,10,7913
2012,08,21,5275
2015,07,11,4886
2010,01,11,7632
2016,01,16,4260
2014,06,30,6129
2014,03,18,6326
2012,02,28,5042
2012,04,15,2710
2012,04,04,4731
2014,08,13,5874
2014,09,19,5393
2017,03,29,6465
2010,11,22,5726
2013,07,22,5818
2018,09,21,7869
2017,12,03,5100
2015,08,16,4457
2013,02,03,3678
2014,04,15,4926
2017,06,08,6937
2017,10,18,7018
2011,10,27,7240
2017,11,01,8405
2011,07,18,5844
2016,01,03,4657
2010,10,23,4443
2016,08,11,6594
2012,04,13,4334
2013,11,10,3322
2016,12,14,6921
2010,06,16,5855
2016,04,19,6552
2010,04,02,4943
2014,07,29,5715
2012,10,27,3580
2011,10,19,6150
2018,08,10,7658
2017,10,01,5613
2013,12,28,3190
2013,02,27,6387
2018,01,04,7710
2014,07,18,5741
2013,03,22,5477
2019,01,07,7825
2018,10,09,8231
2013,07,30,5279
2012,06,20,5199
2012,10,11,5834
2018,02,23,6669
2017,09,24,5497
2013,07,10,5724
2012,11,17,3699
2019,04,03,6562
2014,05,13,5922
2011,04,26,4736
2014,01,30,7735
2018,10,02,7871
2016,01,30,4850
2015,09,20,4631
2016,04,18,6455
2013,11,20,5845
2012,09,11,5386
2012,01,20,5836
2010,07,31,2850
2010,07,14,5609
2013,08,17,3680
2019,01,02,7725
2011,05,02,4676
2013,11,16,3888
2012,08,10,4908
2014,09,03,5693
2019,02,07,7042
2014,11,28,5110
2012,12,13,5584
2017,06,06,6282
2018,10,23,8392
2010,11,25,2602
2012,08,05,2777
2017,02,16,6841
2019,01,23,7970
2019,03,01,6369
2012,09,16,3092
2016,10,06,6212
2015,05,12,6794
2011,12,29,6881
2017,05,09,7112
2010,06,05,3079
2015,09,27,4750
2010,08,07,3124
2018,05,20,6308
2011,07,20,5671
2015,06,11,6660
2015,09,19,5332
2015,11,22,5172
2018,12,22,5270
2015,01,16,5601
2018,05,19,5421
2012,10,20,3303
2016,01,28,6366
2011,08,07,2550
2012,12,25,2473
2012,12,30,3847
2014,10,24,6202
2011,09,19,5668
2014,06,04,6125
2011,05,07,2687
2011,06,08,4693
2017,03,24,6136
2018,11,26,8536
2013,05,23,5028
2012,09,19,5511
2011,11,14,6215
2016,02,03,6090
2017,12,08,7481
2017,05,28,5986
2011,01,05,6429
2011,02,22,6374
2016,10,17,7267
2012,05,14,5132
2016,04,07,6020
2018,08,06,8378
2014,11,05,5752
2012,11,16,5523
2012,06,16,3326
2012,02,02,5767
2014,08,10,4046
2014,03,13,6619
2012,10,16,5368
2011,02,28,5392
2012,10,28,2127
2015,10,14,5966
2010,01,20,5968
2015,12,18,5723
2018,06,30,6193
2012,07,02,6188
2016,01,14,7268
2010,08,09,6039
2018,06,15,7307
2017,07,08,5482
2018,03,23,6723
2017,07,21,6395
2018,11,10,6386
2011,05,10,4728
2018,08,26,6236
2011,05,06,4427
2010,01,24,2873
2015,12,08,6294
2018,11,19,7975
2012,09,01,3187
2017,11,17,7678
2018,09,24,7659
2017,11,24,5345
2015,03,08,4865
2011,02,27,2809
2016,06,19,6215
2010,04,30,5179
2013,01,06,3301
2016,10,23,5813
2013,03,04,5745
2014,08,24,4135
2013,05,06,5505
2010,01,28,6773
2017,03,01,5758
2011,12,02,6092
2017,05,19,6999
2015,11,10,5840
2015,02,26,7237
2018,03,05,8195
2018,11,12,6618
2015,01,07,8667
2015,06,15,7522
2012,11,15,6007
2019,04,01,7183
2016,06,26,5523
2019,03,26,7147
2010,08,12,5326
2012,06,05,5241
2012,08,25,3510
2013,01,26,5405
2015,04,14,6390
2015,08,01,4641
2017,05,14,5076
2012,01,07,3062
2012,04,02,5209
2018,07,23,8198
2018,06,14,8183
2017,03,30,6556
2013,08,24,3486
2015,12,27,3753
2013,10,03,5128
2014,04,20,3203
2012,10,14,2962
2014,01,04,7278
2018,05,04,7635
2015,02,09,6454
2019,02,25,8132
2015,07,21,6928
2010,03,21,3382
2010,10,17,3413
2017,12,30,6765
2017,12,23,4301
2013,01,04,5901
2013,01,31,6616
2012,07,16,5527
2011,08,01,5832
2016,07,07,6669
2016,05,01,4556
2017,03,28,6732
2016,04,25,6334
2011,01,16,3083
2014,03,20,6076
2014,05,04,3705
2010,04,28,6661
2013,03,23,3640
2018,11,28,8667
2015,08,06,6295
2015,10,09,5730
2011,05,13,4527
2010,06,10,5502
2015,10,31,5326
2010,05,05,6051
2018,07,22,5573
2010,08,14,2998
2013,07,19,4578
2016,11,10,6151
2013,08,06,5639
2014,02,07,7460
2015,04,27,6598
2018,05,31,7952
2011,04,07,5559
2010,05,15,3098
2011,05,25,4542
2015,01,05,6733
2016,06,06,7477
2015,04,21,6583
2019,03,20,7248
2012,09,12,5209
2012,12,31,4799
2011,07,13,5974
2013,12,26,5491
2015,06,19,6410
2014,05,24,3756
2010,03,16,7414
2010,08,06,5402
2010,07,28,6350
2015,04,23,6942
2016,02,25,7320
2016,11,02,6715
2017,09,11,7377
2018,02,13,7545
2011,12,15,5670
2011,04,14,4943
2011,11,22,6379
2011,12,14,5665
2017,08,25,6049
2016,10,27,7795
2016,03,05,5097
2011,11,04,6601
2014,07,10,6367
2017,06,17,5958
2011,05,15,2118
2012,06,28,5720
2017,09,13,6877
2014,08,16,4547
2014,09,27,4545
2017,03,09,5709
2012,03,12,5171
2016,06,04,5688
2017,12,11,7334
2018,12,08,6346
2012,06,15,4922
2017,02,04,5344
2016,01,15,5668
2017,09,28,7086
2013,05,17,4826
2010,08,04,6058
2016,12,05,6935
2014,07,16,6429
2013,10,27,3342
2016,10,09,4209
2016,03,12,4962
2011,02,02,6539
2017,02,27,6684
2010,03,28,3406
2010,02,14,3186
2011,08,29,8137
2012,07,25,5200
2016,10,16,4443
2012,06,01,5048
2019,03,17,5443
2011,01,31,6836
2010,12,16,7671
2010,10,06,6165
2014,05,18,4385
2018,09,01,5435
2011,03,27,2850
2011,03,09,5613
2012,11,03,5178
2011,02,21,3574
2016,05,14,5481
2013,09,29,3114
2015,02,10,6198
2017,09,06,6539
2012,05,30,5691
2011,03,14,5322
2013,10,08,5394
2013,04,03,5809
2014,03,03,6383
2010,02,26,4698
2017,07,29,5891
2015,06,30,6802
2015,12,14,6076
2011,03,20,2709
2013,06,04,5490
2017,06,01,6960
2015,10,04,5358
2015,08,23,4598
2012,02,13,5993
2012,06,21,5120
2018,05,29,8715
2011,01,23,4320
2010,06,25,5699
2013,09,14,2993
2011,09,17,3849
2011,12,03,4190
2014,02,10,7042
2013,04,10,5238
2018,06,17,7058
2011,06,07,5272
2011,02,25,5505
2018,04,22,5650
2014,06,16,6675
2010,02,08,7041
2015,06,09,6576
2016,04,29,6044
2014,03,07,5697
2010,08,20,5047
2012,12,21,5627
2017,05,26,4637
2019,02,15,6694
2013,01,15,5598
2014,06,20,6163
2015,07,29,6436
2011,07,11,6129
2011,09,01,6026
2015,10,29,6133
2017,05,08,7602
2018,02,25,5339
2016,09,17,5646
2018,05,22,7423
2010,02,03,6273
2017,01,22,5032
2011,07,28,5627
2018,11,18,5944
2013,10,25,6490
2011,08,16,6820
2017,04,28,7190
2019,02,23,5238
2014,05,09,5482
2015,04,02,6248
2017,09,22,6881
2011,02,01,6133
2010,02,16,6094
2016,06,18,6137
2018,07,06,7178
2013,03,11,5866
2015,06,17,6875
2013,12,16,6540
2015,09,13,4418
2010,01,06,6885
2018,12,17,7915
2018,10,01,8152
2019,01,29,7699
2018,02,28,7586
2015,05,06,6419
2010,10,24,2953
2010,01,09,3936
2011,08,08,5545
2011,07,10,2780
2014,10,23,7021
2013,08,07,5018
2014,03,12,5847
2010,12,29,5112
2019,03,28,6817
2018,10,11,7852
2017,04,20,6627
2016,02,17,7231
2019,04,17,66
2011,11,02,7136
2016,05,08,4632
2013,05,26,3329
2011,03,31,4480
2014,10,02,5305
2011,10,31,8264
2012,02,15,5082
2012,12,27,7289
2018,02,18,4568
2010,12,22,6150
2010,09,17,7747
2012,07,21,3152
2010,05,16,2835
2016,07,22,6376
2015,12,10,5729
2012,10,09,5320
2011,12,13,6438
2013,08,02,4871
2012,06,03,2621
2016,06,21,7190
2014,03,05,6422
2016,01,29,6122
2014,08,15,5008
2011,08,13,3252
2018,10,03,7708
2016,02,11,6977
2018,10,20,6143
2014,01,28,8019
2011,04,05,4510
2017,07,03,6481
2010,11,18,6208
2016,10,14,6633
2012,03,17,3029
2017,08,20,5511
2012,07,26,5339
2012,12,01,4471
2010,12,04,4575
2015,08,18,6829
2017,11,30,7538
2017,12,12,7365
2014,01,01,3772
2014,08,30,3976
2014,10,17,5267
2010,05,31,3034
2012,11,21,4435
2015,05,29,6355
2017,04,11,7098
2016,01,06,8021
2017,07,27,7046
2018,02,14,6680
2011,08,26,3122
2010,02,20,3748
2018,05,09,7502
2010,06,08,5607
2011,11,21,6635
2019,01,05,5001
2017,09,23,6109
2011,11,29,5358
2012,08,28,4822
2012,12,03,5529
2018,08,16,7734
2010,11,16,6096
2017,11,19,5437
2018,10,07,6074
2016,12,17,5943
2011,05,23,4486
2018,03,07,7036
2012,07,13,5094
2011,11,25,4168
2015,08,30,4377
2017,05,10,6788
2015,02,05,6960
2012,05,07,5123
2010,10,28,5421
2012,11,30,5485
2015,12,01,6508
2017,07,26,6910
2016,10,30,5271
2012,07,27,5174
2017,10,12,6609
2012,06,06,5157
2013,04,17,5130
2016,09,26,6166
2012,10,01,4934
2018,04,15,5714
2010,04,09,6314
2015,10,05,6750
2016,02,20,5063
2015,05,22,5295
2018,04,24,7421
2013,11,24,5942
2018,11,05,7329
2011,09,30,4985
2016,08,31,6521
2018,08,07,7905
2013,01,28,6641
2012,04,17,5064
2015,10,12,4689
2018,06,07,8012
2015,07,01,7164
2018,03,31,5583
2012,12,16,3222
2014,09,11,5445
2017,06,18,6539
2012,09,28,5347
2017,09,07,7331
2011,06,21,5976
2014,09,23,5451
2018,07,17,7525
2016,10,05,6203
2015,06,26,6324
2016,09,08,6957
2010,05,06,5969
2014,09,06,4344
2013,05,14,5288
2013,11,05,5547
2015,08,05,6831
2013,04,25,5199
2010,01,01,2897
2019,01,20,5413
2011,06,04,2899
2013,12,06,5010
2015,06,22,7208
2012,05,02,4898
2018,07,18,8270
2013,07,04,3095
2019,02,13,7008
2012,01,05,7026
2015,09,29,5849
2010,12,27,3128
2015,09,15,6088
2010,02,13,4314
2016,07,03,5628
2017,05,31,7175
2010,12,31,4083
2017,03,20,6994
2010,05,11,6572
2013,02,19,6017
2015,05,23,4539
2014,07,24,5797
2013,03,02,3483
2014,08,14,5236
2018,07,12,8074
2014,06,05,5716
2010,08,11,5765
2013,06,02,3440
2013,12,17,6016
2013,07,21,3530
2017,10,19,7134
2013,05,10,4298
2015,06,07,5117
2016,12,03,5550
2018,05,12,5620
2015,07,24,5750
2014,10,06,5870
2016,11,27,4350
2018,02,09,6960
2014,08,21,5224
2012,10,22,5225
2013,06,20,5319
2015,08,17,6256
2018,02,11,5165
2010,04,17,3338
2017,06,23,6456
2017,12,16,6344
2013,10,18,4760
2017,04,21,6402
2016,07,24,4619
2017,05,29,4413
2011,11,24,2808
2015,11,24,7469
2010,01,04,9229
2017,01,17,6655
2012,09,07,4667
2018,01,29,7519
2016,08,14,4671
2018,09,05,7640
2010,10,12,6599
2016,04,30,5371
2016,01,02,4443
2010,03,08,6572
2011,09,15,6182
2013,01,25,7914
2014,06,07,4584
2016,08,03,6769
2017,01,07,5649
2014,09,09,5370
2015,03,20,6355
2012,02,27,5096
2012,01,10,5823
2014,02,15,4804
2014,11,22,4792
2012,10,13,4592
2018,07,14,6219
2010,12,08,7631
2015,12,22,5073
2011,12,17,3802
2017,05,25,5978
2015,08,13,6084
2011,01,12,5793
2010,04,16,5860
2013,10,24,6723
2010,11,28,3591
2013,05,31,5228
2016,11,08,5179
2017,11,11,7583
2013,05,25,3269
2016,11,13,4363
2010,12,02,6848
2018,02,05,7210
2015,04,28,6502
2011,08,20,3269
2010,05,02,3157
2015,05,25,4833
2016,11,28,6776
2014,03,24,6923
2015,10,25,4532
2017,12,05,7100
2010,06,29,5932
2016,05,19,6400
2017,04,15,4767
2011,03,04,4255
2016,09,25,5070
2017,11,05,5306
2016,12,29,6094
2018,03,14,7882
2019,01,28,7836
2010,02,04,6020
2010,07,04,2227
2010,03,03,7397
2013,07,16,5491
2014,09,07,3848
2015,02,25,7491
2018,08,01,9176
2018,08,23,7483
2015,10,02,6502
2016,10,02,4652
2017,05,27,6382
2017,05,04,6833
2014,01,23,9757
2012,07,04,3048
2013,05,28,5424
2016,06,01,7204
2012,07,19,5476
2015,10,01,5778
2018,11,03,5690
2014,11,06,5797
2017,04,02,5302
2015,04,15,6435
2016,12,24,3884
2010,04,05,6386
2013,04,06,3345
2015,02,17,8017
2017,12,28,10683
2016,08,13,4823
2011,05,12,4868
2013,06,19,5511
2013,06,24,5736
2015,03,13,6821
2012,08,20,5100
2015,03,19,7108
2011,12,12,7039
2014,10,11,3944
2016,09,27,6306
2010,09,07,6158
2017,04,24,7052
2010,03,25,6215
2018,09,11,7762
2018,01,24,7473
2012,02,08,5996
2010,03,01,7527
2017,11,03,7277
2017,07,13,6544
2010,02,11,6101
2010,10,10,2988
2013,06,26,5344
2012,09,21,5051
2015,12,07,6872
2010,10,15,6300
2017,01,20,6171
2018,06,23,6520
2015,07,23,6583
2018,12,12,7441
2017,06,09,6876
2017,03,27,6884
2016,04,02,5157
2017,05,20,5315
2011,11,17,6588
2013,04,30,5079
2013,06,03,5176
2012,12,09,3237
2016,11,25,4959
2017,09,25,7442
2010,04,06,6562
2015,12,31,4462
2018,10,15,8525
2016,03,02,6455
2012,10,31,6909
2012,02,23,4880
2011,08,30,7735
2011,02,18,5719
2013,01,16,5399
2013,02,14,5279
2010,12,03,6540
2013,11,15,5060
2013,09,23,4543
2018,06,22,7312
2011,02,24,5204
2014,12,12,6175
2016,09,16,6298
2013,05,02,4677
2017,10,02,7465
2016,03,03,6748
2014,11,01,5577
2012,04,11,4790
2016,09,04,5218
2018,04,13,7486
2017,06,10,6585
2019,01,30,8706
2012,12,08,3463
2010,02,02,6975
2014,07,17,6111
2011,07,09,3022
2015,02,14,5181
2014,06,25,6077
2018,12,25,3825
2015,07,30,6301
2015,08,27,5989
2017,03,12,5585
2018,10,28,5959
2016,08,16,6302
2015,03,11,7841
2010,12,23,5514
2010,06,11,4785
2013,07,02,5403
2018,06,06,7984
2016,08,24,6220
2011,12,04,2990
2015,07,08,6660
2018,04,07,5566
2013,11,07,5011
2017,06,26,7655
2018,08,08,8018
2013,04,23,5651
2017,04,25,6267
2014,09,15,5314
2015,11,18,6902
2015,05,27,6510
2012,02,05,2848
2015,01,08,11005
2017,12,09,5403
2011,10,20,5626
2014,09,20,4506
2015,10,15,6164
2014,06,10,6561
2016,12,01,6998
2017,08,26,5705
2013,02,11,6045
2018,03,02,8553
2010,05,13,5384
2014,10,12,3977
2018,11,22,5640
2011,01,26,5856
2013,05,15,5121
2013,01,14,5128
2018,02,10,6098
2011,03,30,4928
2013,04,29,5212
2012,07,29,2905
2011,04,21,4703
2011,09,14,6226
2013,08,15,5065
2013,02,05,6175
2011,03,08,5541
2017,10,23,7491
2010,03,14,5559
2012,08,04,3014
2010,05,29,2970
2011,06,28,6301
2011,07,25,5749
2012,08,24,4795
2016,07,15,6925
2016,05,18,6331
2017,10,25,6925
2017,10,20,7090
2010,06,12,2954
2011,10,29,5961
2010,07,02,4878
2012,02,07,5429
2012,08,16,5078
2018,06,05,8345
2019,02,11,7234
2016,10,08,4880
2016,09,02,5890
2011,12,28,6168
2014,08,19,5856
2014,06,26,6340
2010,12,05,4267
2018,06,08,8047
2012,04,07,2819
2013,04,24,5006
2010,02,10,4099
2013,09,27,4463
2013,06,18,5671
2014,04,29,5731
2012,04,16,5570
2011,09,11,2959
2013,01,09,5627
2016,01,24,4415
2014,05,11,4331
2018,10,24,8615
2014,02,06,8566
2016,02,13,7397
2014,02,25,7134
2010,04,24,3382
2013,12,03,5349
2011,09,24,2609
2013,11,03,3792
2017,01,27,6842
2010,06,14,6264
2018,04,14,6075
2011,04,20,4955
2015,03,18,7642
2016,10,04,5751
2012,11,29,6242
2013,06,12,5766
2011,01,29,4283
2013,01,03,6447
2010,01,26,6611
2012,02,03,5234
2014,03,04,6735
2018,12,19,7606
2018,09,13,8188
2018,05,17,7891
2018,03,17,5790
2013,11,13,6900
2013,10,06,2800
2019,03,08,6633
2018,01,25,7763
2010,01,18,4019
2016,09,10,5456
2014,04,17,5745
2013,07,24,5386
2017,06,25,6305
2011,07,14,6039
2018,10,22,9581
2014,01,15,6349
2017,01,06,6221
2013,10,09,5316
2012,06,14,5262
2017,04,29,6684
2019,01,15,7967
2011,06,27,6067
2014,12,09,8655
2018,10,13,6404
2014,07,27,4006
2019,04,11,5531
2011,07,23,2893
2014,04,25,5281
2011,02,06,3240
2010,12,09,7499
2010,06,02,5718
2010,11,27,4431
2016,07,18,7348
2014,12,01,6500
2016,08,19,6206
2018,04,21,5575
2015,03,06,7023
2010,04,11,2888
2013,09,08,3365
2017,05,01,7078
2012,02,18,2795
2017,01,01,4190
2015,07,13,6951
2017,02,28,6327
2013,03,16,3551
2012,03,02,4760
2010,04,19,6617
2017,12,06,7391
2011,11,10,5268
2014,09,01,3870
2012,02,04,3266
2012,05,08,4909
2012,05,10,4740
2011,02,17,5958
2017,10,26,7302
2018,09,29,6801
2013,07,09,5972
2014,10,09,5188
2015,03,31,6850
2015,08,04,6622
2014,09,26,5220
2016,07,28,6271
2012,05,31,5644
2016,06,25,5808
2013,07,23,5548
2019,04,10,5411
2017,03,14,5288
2018,03,30,6139
2014,06,19,6274
2014,04,28,5836
2016,10,01,5059
2010,11,11,4480
2011,02,08,7630
2011,02,04,6424
2014,01,22,8345
2019,02,09,5817
2013,02,12,5634
2019,04,04,6463
2012,06,11,5396
2016,08,17,6349
2018,10,18,10089
2013,06,22,3790
2012,06,27,5242
2015,12,26,3260
2010,09,21,6271
2014,01,16,6228
2017,08,23,6481
2018,09,09,4835
2014,08,23,4496
2013,06,16,3690
2017,06,05,6874
2012,10,17,5799
2017,06,28,7227
2010,03,19,6632
2017,03,18,5087
2013,05,20,5784
2012,01,25,5408
2010,02,09,6317
2013,03,03,3293
2013,04,15,5126
2016,05,24,6669
2012,11,13,5801
2014,01,14,6483
2018,01,18,8105
2017,03,15,10302
2011,10,21,6434
2016,02,01,5972
2017,09,08,7501
2017,02,19,4844
2015,09,18,6120
2018,05,21,8112
2013,10,10,4926
2019,02,22,6488
2012,01,23,6047
2013,10,28,5468
2015,11,03,5706
2015,01,24,4603
2011,05,16,4648
2013,02,18,5209
2013,01,20,2488
2013,06,08,4253
2016,08,12,6175
2016,09,24,5269
2014,02,20,6406
2017,01,19,7103
2018,11,20,7593
2016,04,13,6237
2014,07,26,4409
2013,04,26,4924
2019,01,03,7461
2018,10,26,8111
2018,09,03,5804
2018,08,20,8032
2011,01,22,5121
2017,10,07,5664
2011,06,06,5007
2011,10,11,5800
2018,08,14,7728
2013,03,20,5690
2012,04,21,2884
2018,05,24,8200
2014,01,21,6471
2011,11,11,5058
2016,08,18,6111
2013,07,12,4763
2018,11,16,10121
2014,09,13,3612
2015,03,26,6422
2017,09,18,7453
2012,10,29,6092
2011,05,01,2229
2018,12,16,5554
2015,07,27,6848
2012,03,18,2761
2015,07,09,6120
2010,03,12,6025
2011,06,26,2448
2014,03,10,6060
2014,03,01,4721
2017,08,08,6231
2015,01,31,6302
2015,01,03,4009
2016,10,18,6529
2018,01,26,7341
2014,04,13,3814
2014,04,30,7091
2010,12,30,5292
2015,03,24,6787
2016,09,18,5064
2010,03,11,6366
2010,02,25,6313
2015,05,20,6316
2013,10,30,5314
2013,03,01,4861
2014,02,18,6588
2015,07,14,6763
2015,01,21,6588
2010,07,09,5247
2019,02,24,5224
2016,04,06,6534
2018,05,08,7532
2016,01,27,7853
2011,10,09,2643
2015,01,20,6087
2018,01,20,5726
2014,12,30,6099
2015,02,01,4790
2016,11,18,6350
2017,02,06,6799
2013,12,21,3258
2017,08,29,5803
2010,09,10,5323
2012,12,19,5498
2013,12,24,4184
2013,12,20,4867
2011,04,24,1982
2015,04,09,6432
2016,12,22,6124
2018,08,15,8126
2018,12,29,5072
2018,03,03,7003
2018,01,07,9488
2019,03,27,7234
2012,07,11,5573
2012,02,29,5059
2015,11,13,9627
2017,02,02,6771
2015,09,16,6389
2015,01,25,4072
2010,01,29,8437
2015,04,26,4485
2015,02,19,7419
2016,03,29,7372
2015,05,30,5396
2017,08,05,5464
2012,09,25,5352
2011,09,25,3073
2012,04,23,5638
2015,02,07,4898
2011,07,27,5550
2019,01,18,6433
2011,01,14,6454
2012,03,11,2689
2018,03,11,5187
2018,05,07,7754
2011,05,22,2183
2019,03,04,6883
2016,07,31,4674
2011,01,01,2894
2017,06,03,6664
2018,01,11,7658
2018,07,19,7930
2012,08,26,2983
2018,12,11,8123
2015,07,06,6451
2019,02,01,8985
2013,11,02,3418
2012,05,06,2591
2016,02,05,5887
2017,11,18,5722
2015,03,22,4499
2015,12,09,6222
2015,07,02,5951
2017,09,02,4786
2014,05,01,7677
2011,01,13,6882
2013,08,13,5355
2015,04,11,4497
2011,05,26,4757
2017,10,05,6480
2016,02,09,6539
2013,11,22,4144
2013,08,21,4704
2010,10,11,3849
2014,08,28,5489
2012,04,20,4458
2011,10,16,2770
2019,01,21,11291
2012,07,14,3166
2016,07,14,6850
2013,03,13,5591
2010,01,16,3179
2011,05,09,4775
2014,09,22,5680
2018,05,10,7223
2016,06,17,6638
2011,03,02,5243
2015,06,20,4915
2012,06,13,5663
2016,10,26,8710
2019,03,30,5592
2011,04,15,4674
2013,11,18,5412
2010,08,25,5731
2012,09,15,3503
2013,06,15,3860
2017,08,10,6837
2014,10,22,5847
2016,07,27,6206
2013,03,24,3081
2012,07,03,5680
2017,07,05,7526
2016,03,07,6317
2016,09,21,7285
2016,08,06,5341
2016,02,28,4465
2014,06,03,5994
2015,03,25,6395
2018,04,12,6882
2011,07,04,2738
2015,11,01,4444
2016,11,16,6711
2013,10,01,5057
2010,01,07,6791
2013,06,27,5437
2014,03,06,6675
2015,08,24,6140
2012,10,23,5158
2015,06,29,7650
2013,10,16,5215
2017,07,15,5811
2016,03,15,6781
2013,06,05,5773
2013,03,31,2687
2017,08,13,5477
2010,09,18,4068
2017,06,29,7302
2014,10,18,4114
2015,01,11,5218
2017,04,26,6964
2014,12,14,4035
2012,10,10,5381
2016,12,19,7566
2019,03,23,5621
2018,02,06,7631
2013,09,05,4982
2014,08,08,5830
2011,08,06,3084
2016,12,28,6642
2017,11,28,7555
2014,05,31,4569
2011,09,03,3478
2012,12,18,5263
2015,03,23,7121
2017,04,27,6303
2017,08,21,6677
2014,01,10,6489
2010,03,13,5163
2018,12,20,6735
2013,02,01,6287
2012,05,13,2576
2017,07,02,5357
2016,04,15,6227
2016,08,25,6222
2019,04,12,4881
2011,07,07,6092
2010,05,19,5919
2011,01,18,7156
2017,02,21,6870
2010,11,07,4108
2014,09,21,3990
2011,12,24,2991
2016,08,28,4983
2017,04,09,4894
2016,01,18,6080
2011,12,18,4183
2011,12,01,6809
2017,05,15,7426
2016,08,22,6762
2016,06,09,6672
2015,12,20,4740
2018,02,03,6105
2010,05,25,5557
2011,11,15,5591
2013,03,10,3087
2011,09,07,6103
2017,05,02,7124
2011,03,18,4818
2015,07,10,5844
2014,01,17,6123
2018,04,08,5254
2010,02,19,6288
2017,07,17,7420
2013,12,10,6043
2017,09,10,5706
2016,02,18,6902
2018,01,05,11006
2013,01,12,3364
2018,06,28,7614
2010,05,27,6173
2014,07,12,4292
2011,04,03,2388
2018,06,20,8012
2018,01,22,7950
2014,03,17,5869
2014,08,04,4952
2014,04,24,5583
2011,07,19,5832
2011,06,03,4560
2010,10,20,7133
2010,11,10,6401
2017,09,16,6249
2017,04,16,5238
2014,09,16,5569
2014,04,26,4068
2015,06,01,7152
2012,05,29,6246
2015,05,08,5996
2017,10,22,5424
2011,12,11,4041
2012,08,18,3483
2018,09,22,6499
2016,07,02,5145
2012,08,23,4799
2017,06,19,7886
2013,05,27,3510
2014,01,09,8318
2017,09,14,7147
2018,10,10,8235
2010,07,27,6118
2016,07,17,5392
2015,01,27,4785
2013,09,16,5044
2010,09,30,6347
2013,04,12,5331
2010,08,02,6441
2011,03,22,5499
2014,12,25,2915
2011,04,10,2417
2015,02,02,6682
2011,10,03,6164
2010,12,19,3366
2010,07,11,2896
2012,07,28,3188
2015,05,03,4923
2014,08,26,5658
2016,01,19,9922
2011,12,27,5494
2010,01,03,5596
2017,07,28,6497
2013,01,29,6021
2011,08,22,6100
2014,04,14,5590
2017,05,13,5102
2017,08,07,6459
2014,03,23,4094
2010,09,11,2929
2010,01,14,5833
2010,07,06,6229
2016,07,08,6016
2011,03,26,3263
2010,08,13,5237
2019,04,16,2812
2014,04,01,5998
2016,06,03,6328
2013,03,09,3493
2013,01,17,4992
2018,03,10,5518
2013,07,31,5304
2016,12,02,6915
2016,11,24,3980
2016,03,28,5735
2010,11,05,5994
2017,09,19,7041
2016,10,07,5750
2019,01,11,8418
2019,03,11,7502
2013,10,20,2888
2010,03,23,7058
2010,06,17,5468
2012,07,12,5414
2016,08,07,5320
2014,12,05,5815
2013,06,28,5234
2010,04,12,6549
2017,12,13,8790
2013,12,15,4387
2015,11,16,6671
2015,02,16,10188
2016,12,23,5330
2018,05,16,7455
2011,07,21,5206
2018,02,20,7632
2013,04,02,5623
2016,11,11,5679
2017,03,04,6019
2018,04,06,6338
2011,08,19,5555
2011,02,15,6612
2012,04,03,5163
2014,12,07,4812
2016,09,20,6960
2013,11,11,4285
2013,07,07,3306
2010,06,13,2564
2018,05,02,8013
2010,06,24,6059
2013,12,11,6323
2015,02,15,6059
2013,03,06,6319
2016,07,06,6982
2013,01,08,6048
2016,12,31,4154
2010,07,17,3183
2014,05,21,6208
2011,07,01,4977
2010,03,05,6174
2018,01,08,10763
2015,10,10,4473
2016,04,01,6176
2018,08,22,7253
2011,11,05,4251
2019,01,19,5140
2018,12,13,7284
2015,08,11,5856
2016,12,27,5978
2012,04,10,4852
2014,01,25,6263
2016,03,09,6368
2018,09,26,8576
2013,05,29,5716
2010,10,22,6892
2018,07,15,5666
2011,01,24,9011
2017,03,19,5094
2015,04,18,5107
2016,08,04,6375
2016,06,23,6861
2012,12,07,5426
2016,05,28,5340
2013,09,11,5108
2014,06,18,6721
2015,12,21,6221
2013,07,18,4905
2017,06,11,6117
2012,01,11,5516
2014,01,24,8716
2015,12,02,6245
2019,02,14,6745
2015,06,10,6731
2013,09,10,5067
2011,08,02,6126
2014,02,04,6602
2011,10,07,5611
2017,04,30,5618
2016,06,30,6547
2011,07,22,5039
2015,11,23,8213
2017,05,07,5351
2012,11,19,6503
2010,03,10,6451
2011,11,20,3019
2010,04,07,6301
2012,11,28,6261
2013,02,17,3629
2017,06,04,6472
2012,01,21,4244
2014,09,18,5681
2013,07,27,3372
2011,05,27,4505
2017,02,12,4916
2014,03,14,6118
2011,11,12,4123
2018,09,07,7967
2018,10,16,9720
2012,01,17,6227
2015,03,12,7911
2010,10,31,3865
2015,03,02,6783
2010,11,17,6351
2010,11,06,4079
2019,03,09,5479
2017,05,23,7138
2017,05,30,7061
2013,01,13,2977
2015,10,11,4477
2014,04,09,5602
2012,10,19,4444
2018,07,09,7759
2012,06,09,3253
2011,06,01,4848
2016,06,13,6920
2015,05,01,6118
2015,05,28,6747
2010,02,07,3659
2012,10,15,5457
2018,01,12,7771
2015,06,13,5438
2018,11,21,7266
2011,02,26,3244
2018,09,06,8354
2013,08,23,4717
2012,03,08,5075
2010,12,18,4109
2017,01,23,7618
2017,04,06,6744
2018,07,24,7912
2015,05,26,6942
2013,05,05,3186
2014,10,30,6443
2012,09,06,5035
2010,08,16,5745
2014,09,05,5684
2018,09,04,7886
2012,06,30,3191
2019,01,12,6477
2015,09,12,4691
2016,03,08,6542
2014,12,10,6750
2013,11,25,9138
2015,09,01,7358
2018,11,07,7660
2017,07,09,6080
2016,11,23,6087
2010,07,08,6126
2010,07,05,3347
2015,10,07,6601
2014,07,30,5597
2015,11,07,4848
2019,02,27,7376
2013,01,01,3261
2014,12,26,3966
2018,12,18,7865
2018,04,30,7568
2011,07,03,2082
2018,04,05,7180
2016,02,14,9753
2013,12,02,4925
2011,12,19,6691
2015,06,24,7555
2017,01,26,6700
2017,08,14,7178
2016,11,01,7048
2018,02,07,7102
2010,03,29,7028
2014,09,04,6115
2011,02,23,5964
2015,02,24,8557
2017,01,18,6559
2019,03,16,5513
2014,01,12,4469
2017,09,29,7247
2010,08,24,5851
2018,02,24,5551
2014,05,27,6771
2011,03,19,3094
2014,06,02,6065
2018,01,23,7421
2017,07,18,6373
2012,03,06,5857
2017,01,02,4135
2011,11,18,6838
2011,01,04,6441
2017,12,29,9734
2014,12,06,4142
2013,04,19,4829
2012,12,11,5533
2017,09,21,6631
2011,07,02,2913
2017,08,27,5717
2018,06,13,7682
2018,11,25,5945
2011,05,17,5348
2017,09,15,7363
2010,08,19,5607
2014,11,11,4613
2012,01,30,5708
2014,11,25,5144
2017,02,26,4983
2016,12,20,7844
2017,09,20,6940
2011,05,29,2100
2013,05,30,5643
2013,04,28,3244
2010,01,12,6957
2017,09,30,5490
2012,02,21,5433
2010,12,12,3187
2011,09,10,3191
2018,03,21,5873
2014,05,08,5966
2014,03,21,5691
2012,03,27,5879
2017,10,21,5961
2015,09,06,4994
2018,08,12,5850
2015,07,16,6672
2016,03,06,4379
2017,07,01,5124
2014,08,20,5665
2014,05,07,5650
2017,07,24,6589
2017,09,26,7509
2010,03,15,9581
2016,04,16,4989
2010,03,30,9481
2012,07,18,5722
2010,04,10,3624
2012,02,17,4720
2016,08,30,6483
2011,10,08,3432
2018,08,30,7502
2017,01,10,8545
2010,01,27,6502
2014,10,20,7605
2015,01,10,5933
2017,06,24,6225
2013,06,11,5947
2017,03,06,6717
2014,05,15,5487
2016,03,14,6674
2014,04,22,5373
2018,12,10,8196
2011,09,22,6013
2014,11,07,6053
2017,10,24,7300
2012,03,01,5222
2018,02,22,6736
2013,12,27,4858
2017,04,07,6640
2019,02,21,6782
2012,01,14,4377
2015,12,25,3163
2010,04,01,6041
2018,08,05,5923
2017,08,11,6425
2015,06,27,4405
2010,02,05,5811
2016,02,24,7204
2013,02,06,5802
2010,10,26,5942
2016,05,30,4693
2013,02,16,3468
2015,04,17,6185
2012,01,29,3078
2018,05,13,4868
2017,10,13,6812
2013,10,29,6017
2014,05,12,6520
2018,08,27,7912
2010,07,03,2913
2017,06,07,6658
2015,06,14,5026
2018,04,01,4681
2013,09,03,5459
2019,01,17,7702
2014,02,02,3482
2010,04,03,3074
2017,09,27,7398
2010,10,03,3155
2013,11,26,6882
2015,08,21,5826
2018,02,16,6457
2017,10,09,4867
2014,02,11,7528
2016,05,20,6889
2017,02,07,6431
2012,07,07,3091
2015,05,14,6334
2017,12,19,7187
2014,02,26,6949
2016,04,28,6087
2017,01,09,9561
2016,03,31,6419
2019,03,06,7594
2010,03,09,6643
2016,06,16,6616
2018,03,26,7858
2016,05,15,4802
2018,07,20,7298
2010,12,26,2971
2017,06,21,7481
2012,03,03,2893
2017,08,01,6626
2010,08,31,5449
2016,07,30,5140
2013,05,03,5157
2019,03,07,7199
2018,10,06,5903
2017,12,26,7876
2018,06,16,6914
2016,08,01,7071
2012,06,08,4850
2013,06,23,3413
2012,03,21,5455
2010,06,04,5401
2011,01,19,6662
2017,12,01,6974
2010,04,27,6048
2010,02,18,6688
2015,04,25,4908
2013,10,05,3056
2018,10,19,8314
2018,01,17,7833
2018,06,03,5773
2012,01,13,5772
2015,03,29,4448
2013,03,30,3066
2013,08,03,3211
2014,03,29,3908
2014,09,08,5941
2017,09,17,5779
2017,03,02,7035
2015,01,09,7795
2017,08,18,6237
2013,06,13,5469
2011,11,08,5036
2012,09,14,4674
2014,04,05,4229
2018,10,05,7359
2013,12,29,3277
2010,11,04,6704
2010,01,31,4682
2014,04,19,3485
2015,09,26,5147
2011,12,22,4850
2012,06,29,4797
2013,03,17,3297
2018,08,28,7628
2011,12,26,3338
2019,03,12,7079
2014,11,26,5323
2015,07,31,5906
2017,08,06,5610
2011,08,05,5267
2013,06,14,5303
2012,02,24,4763
2016,06,11,5869
2019,03,31,5247
2015,12,06,4586
2012,01,31,5464
2018,09,16,6480
2016,09,29,5846
2012,10,03,5337
2011,06,02,5039
2012,11,20,5764
2017,07,23,4570
2013,11,14,5994
2018,08,24,7337
2010,03,06,3713
2011,11,30,6574
2010,01,10,4434
2013,11,12,6752
2011,05,24,4950
2015,08,26,5974
2012,04,26,5169
2012,06,22,5116
2011,07,26,5834
2015,11,29,4646
2010,05,26,5738
2013,07,06,3291
2010,05,07,5337
2014,05,17,4941
2011,05,11,5251
2010,09,08,5744
2018,07,26,7699
2019,02,19,7320
2015,08,03,6276
2010,10,27,5526
2011,01,10,7104
2014,08,31,3847
2014,12,29,6402
2012,02,25,3342
2013,10,15,5033
2014,12,23,4751
2015,10,30,6144
2014,07,31,5326
2013,11,17,2918
2012,07,09,5797
2013,10,17,4919
2010,07,21,5813
2018,06,12,8326
2014,11,14,6934
2015,08,15,4785
2018,08,03,7375
2014,11,03,7341
2015,03,17,7117
2015,08,10,6601
2018,07,04,5700
2013,10,31,4799
2018,04,11,6930
2016,03,25,5355
2011,03,03,5259
2014,08,01,5251
2013,04,16,5401
2012,11,14,6024
2013,03,19,6183
2010,07,12,6477
2018,10,12,7800
2011,08,10,5528
2014,07,25,5571
2019,01,10,6873
2010,06,20,2876
2010,11,12,5886
2014,10,28,5968
2016,12,09,7802
2010,08,18,5451
2013,01,02,6796
2018,06,04,8142
2018,03,15,7652
2012,03,05,5954
2013,07,05,4504
2016,07,19,7286
2017,03,05,5870
2016,03,30,7005
2015,07,19,4661
2013,01,05,3992
2013,09,06,4486
2018,06,25,8357
2016,09,28,6144
2018,05,11,7503
2016,01,12,7106
2011,09,13,6400
2013,02,21,6942
2017,09,01,6304
2012,12,15,3588
2014,06,15,4804
2015,09,05,4745
2011,04,02,2888
2016,03,17,6950
2015,07,05,4479
2017,02,10,7752
2010,09,12,2636
2018,08,11,5635
2013,09,19,4621
2014,07,09,7086
2013,08,01,4600
2018,04,04,7114
2015,06,16,7424
2011,07,15,5384
2016,08,08,6847
2012,07,15,2742
2010,06,23,6046
2011,04,01,4601
2011,10,13,5360
2011,01,30,3622
2013,02,25,5903
2011,06,18,3361
2017,08,16,6535
2011,01,06,6089
2014,11,09,4131
2012,08,11,3034
2012,05,19,2971
2013,01,27,4537
2011,01,02,3062
2011,11,26,3101
2015,11,08,4592
2013,01,24,11404
2016,02,27,5249
2016,07,04,4949
2010,01,19,6041
2017,02,13,7496
2010,08,01,2504
2015,06,08,6670
2012,07,23,5018
2018,05,30,8010
2018,08,13,7935
2012,09,18,5597
2014,05,19,5872
2012,12,28,5686
2010,11,03,7122
2017,10,14,5822
2012,03,23,4771
2017,07,10,7546
2012,03,13,5205
2013,03,29,4312
2017,03,11,5518
2016,09,07,6573
2016,06,24,6673
2016,11,05,5429
2016,03,18,6306
2012,02,16,4929
2014,11,30,4113
2014,07,01,6256
2010,06,28,6744
2014,04,27,3697
2010,05,04,5963
2015,09,03,5807
2011,01,15,3716
2012,03,09,4903
2012,09,17,4917
2014,02,19,6828
2016,05,16,6764
2011,10,01,3079
2015,10,20,7039
2013,02,26,5427
2010,10,30,4228
2013,03,26,5228
2010,01,23,3381
2011,12,05,6038
2017,07,30,6362
2015,09,02,6258
2012,03,04,2926
2018,12,30,5057
2014,02,13,6113
2011,08,12,5275
2015,03,30,6874
2011,09,16,6091
2011,07,12,6493
2017,10,27,7528
2015,06,28,4859
2012,12,10,5444
2014,12,03,5952
2010,09,02,5608
2010,02,22,6793
2017,03,26,4812
2017,06,02,7176
2013,02,04,6030
2012,05,16,5271
2011,06,13,5015
2019,01,16,7738
2016,09,01,6030
2011,12,30,4516
2017,01,03,6788
2018,12,23,4650
2012,08,09,4870
2014,06,11,5980
2012,04,22,2621
2010,12,14,8564
2012,09,22,3354
2017,02,25,4932
2017,08,03,6632
2014,06,08,4363
2015,11,30,7465
2014,10,29,5386
2015,02,20,8973
2010,10,19,7156
2016,12,18,5231
2014,03,22,4496
2018,09,25,7273
2011,12,09,6187
2013,08,30,4271
2012,05,22,5403
2012,06,02,3120
2016,10,20,5654
2016,03,26,5018
2015,05,02,4496
2015,06,04,6201
2016,07,05,7247
2016,05,03,7008
2018,05,05,6334
2017,04,19,6975
2017,02,11,5402
2010,08,21,3149
2016,04,11,6397
2018,10,08,6199
2015,09,04,5842
2012,12,17,5593
2012,03,15,5253
2015,05,05,6743
2018,12,07,7718
2011,03,24,5057
2012,01,24,5552
2016,08,09,6756
2018,04,28,5722
2014,12,04,6339
2012,12,29,3736
2012,09,24,5209
2019,04,15,3986
2011,10,12,5394
2018,09,30,6765
2012,03,14,5520
2016,10,21,6143
2013,05,07,5122
2012,07,31,5175
2017,12,24,4001
2014,02,01,4526
2010,10,08,5667
2014,05,16,5892
2010,04,08,6322
2014,05,14,5995
2012,07,22,2924
2016,09,14,6433
2013,07,15,5516
2015,04,01,6607
2011,06,12,2329
2018,02,12,7421
2011,11,27,2759
2016,07,01,6036
2015,11,28,4034
2011,07,16,3086
2013,06,30,3045
2010,01,30,6500
2018,12,01,5914
2012,07,06,4706
2014,05,28,6018
2014,02,12,6978
2016,05,23,6993
2018,11,06,6472
2017,12,25,4116
2015,11,26,3560
2015,02,08,4721
2018,05,14,7451
2014,10,15,5445
2016,05,27,6335
2017,11,21,6982
2010,12,10,6754
2013,03,14,5827
2011,08,21,2723
2012,02,19,2756
2018,03,01,7082
2014,02,03,5837
2017,07,31,6949
2016,07,21,6642
2012,10,04,5177
2016,06,27,6954
2015,09,11,6256
2010,08,05,5961
2018,11,29,8099
2011,12,07,5932
2011,09,18,2902
2014,02,23,4307
2010,09,16,6861
2017,08,04,6337
2011,09,27,6505
2014,06,29,4332
2018,08,02,7464
2017,06,22,7303
2015,03,01,4719
2015,04,29,6660
2015,04,05,3747
2012,06,24,3074
2011,03,23,5102
2016,04,09,4799
2016,09,23,6062
2013,01,30,5731
2013,12,25,3121
2012,08,02,5195
2010,10,07,5955
2012,12,22,4208
2011,05,05,4915
2016,01,23,5127
2013,02,23,3710
2013,04,18,4863
2011,02,10,6890
2010,05,23,2835
2011,04,29,4385
2013,03,15,5251
2016,06,29,7554
2013,08,25,3187
2011,03,12,3188
2012,04,12,4648
2016,05,04,6485
2018,04,18,7599
2013,04,05,5129
2015,04,13,6240
2013,07,29,5680
2015,11,15,5056
2010,04,15,6224
2014,07,04,3327
2015,12,04,6514
2012,04,01,2894
2018,03,25,5719
2015,05,09,4945
2014,03,09,3876
2011,04,22,4094
2010,04,20,5824
2014,10,26,4125
2013,07,17,5474
2017,10,15,5501
2015,07,20,7602
2017,12,14,7770
2016,11,29,6884
2018,07,11,7465
2015,01,28,7234
2015,08,20,5988
2018,08,09,7746
2011,10,04,6209
2015,10,16,6469
2014,07,21,6137
2019,03,14,6929
2010,06,01,5705
2014,03,08,4266
2014,02,08,5469
2018,04,25,7168
2019,02,20,6798
2016,04,12,6233
2015,03,07,5407
2014,02,09,4599
2017,03,07,6127
2011,12,08,7292
2015,02,18,6997
2014,04,03,5768
2014,02,14,6539
2012,06,23,3903
2012,11,01,6018
2010,07,10,3206
2013,03,21,5202
2016,12,06,7178
2016,04,20,6183
2011,07,24,2374
2018,07,05,7906
2010,07,25,2584
2012,07,20,4416
2012,10,12,6210
2015,10,13,6808
2019,03,03,4910
2016,05,07,6802
2012,03,30,4628
2015,01,18,4422
2013,01,18,5769
2016,04,10,4617
2014,01,26,5333
2015,06,23,7152
2011,11,01,8006
2015,01,02,5114
2017,08,28,6586
2017,02,03,6392
2010,02,01,7853
2013,12,19,5322
2014,03,15,4080
2014,01,27,7469
2013,09,13,4511
2017,10,28,6463
2018,01,15,7382
2014,11,12,5620
2014,11,04,5095
2018,07,01,5762
2012,01,06,5859
2016,08,05,6295
2011,04,19,5043
2014,12,19,5370
2016,04,27,6031
2013,12,05,5160
2018,07,27,7283
2015,12,03,6695
2017,06,13,7627
2015,10,17,6179
2011,03,06,2090
2015,08,02,4438
2015,01,13,6565
2013,02,28,5405
2014,08,03,3838
2018,01,02,11227
2017,05,05,7660
2010,07,30,5021
2012,11,09,6286
2018,03,29,6845
2013,04,11,5062
2011,09,20,6132
2012,12,23,3225
2016,12,25,3521
2018,11,01,7321
2016,08,21,4463
2013,03,12,5690
2012,09,30,2880
2017,02,08,6253
2011,11,03,6318
2018,06,27,7338
2011,08,11,5610
2015,07,03,4605
2015,12,11,5628
2016,01,31,4491
2015,10,24,5786
2016,02,29,6457
2013,12,07,3821
2017,12,10,5064
2017,11,07,7852
2016,05,31,7853
2010,05,24,5729
